model,n_timepoints,key,sim_input,sim_output,exp_output,mag_err,nLogLik,aic
L-BFGS-B,1,"['sigma', 'lambda', 'theta']","[0.1, 0.0, 0.2]","[0.0, 0.0, 0.2]","[0.25, 0.12, 0.5]","[0.25, 0.12, 0.3]",-15.199157117753648,4.5575200529293936
L-BFGS-B,2,"['sigma', 'lambda', 'theta']","[0.1, 0.0, 0.21636062176346435]","[0.0, 0.0, 0.21636062176346435]","[0.25, 0.12, 0.5]","[0.25, 0.12, 0.2836393782365356]",-15.199157117753648,4.5575200529293936
L-BFGS-B,3,"['sigma', 'lambda', 'theta']","[0.1, 0.0, 0.17309720630591507]","[0.0, 0.21961151114306493, 0.1999999990189717]","[0.25, 0.12, 0.5]","[0.25, 0.09961151114306493, 0.3000000009810283]",-30.398309931897444,3.1712259749574514
L-BFGS-B,4,"['sigma', 'lambda', 'theta']","[0.1, 0.0, 0.2364833509344264]","[0.17484005363938004, 0.41541754436590583, 0.2685065776237847]","[0.25, 0.12, 0.5]","[0.07515994636061996, 0.29541754436590584, 0.23149342237621529]",-6.206476742078196,6.348813234764387
L-BFGS-B,5,"['sigma', 'lambda', 'theta']","[0.1, 0.0, 0.19917197439547743]","[0.2196352168718833, 0.30312901994760183, 0.26542882352905556]","[0.25, 0.12, 0.5]","[0.03036478312811669, 0.18312901994760183, 0.23457117647094444]",-6.450534576943808,6.2716739849607235
L-BFGS-B,6,"['sigma', 'lambda', 'theta']","[0.1, 0.0, 0.22910171358033907]","[0.21373063374255669, 0.06056456778063264, 1.0]","[0.25, 0.12, 0.5]","[0.036269366257443314, 0.059435432219367354, 0.5]",-8.335684086341157,5.75890882643795
L-BFGS-B,7,"['sigma', 'lambda', 'theta']","[0.1, 0.0, 0.33065167749442725]","[0.2553661390002459, 0.15828817801674505, 0.5452854028114617]","[0.25, 0.12, 0.5]","[0.005366139000245906, 0.038288178016745056, 0.04528540281146165]",-7.867042696557942,5.874635554738082
L-BFGS-B,8,"['sigma', 'lambda', 'theta']","[0.1, 0.0, 0.37457209760573473]","[0.2601125586187901, 0.09474691610638125, 1.0]","[0.25, 0.12, 0.5]","[0.010112558618790124, 0.025253083893618744, 0.5]",-8.920391269255399,5.623320380207581
L-BFGS-B,9,"['sigma', 'lambda', 'theta']","[0.1, 0.0, 0.29401722089799115]","[0.2628722834144343, 0.3091676145263626, 0.34599999797791936]","[0.25, 0.12, 0.5]","[0.012872283414434305, 0.1891676145263626, 0.15400000202208064]",-10.025870168761104,5.3896624613956785
L-BFGS-B,10,"['sigma', 'lambda', 'theta']","[0.1, 0.0, 0.3619741187928982]","[0.21984406125460484, 0.15512232225057412, 0.4829078436743664]","[0.25, 0.12, 0.5]","[0.030155938745395156, 0.03512232225057413, 0.0170921563256336]",-14.496597047509333,4.652172128990591
L-BFGS-B,11,"['sigma', 'lambda', 'theta']","[0.1, 0.0, 0.332564203424348]","[0.24034117080605702, 0.24315395664082007, 0.38436266827602467]","[0.25, 0.12, 0.5]","[0.00965882919394298, 0.12315395664082007, 0.11563733172397533]",-14.324514084858034,4.676055317504636
L-BFGS-B,12,"['sigma', 'lambda', 'theta']","[0.1, 0.0, 0.398002696160138]","[0.17429891746133075, 0.04213319579942432, 0.8542931747126551]","[0.25, 0.12, 0.5]","[0.07570108253866925, 0.07786680420057568, 0.3542931747126551]",-22.825280984075032,3.7442625264600133
L-BFGS-B,13,"['sigma', 'lambda', 'theta']","[0.1, 0.0, 0.2294641138678463]","[0.19442907820082103, 0.17786376255360656, 0.30118113832927457]","[0.25, 0.12, 0.5]","[0.05557092179917897, 0.05786376255360656, 0.19881886167072543]",-22.277212829792273,3.7928713803446836
L-BFGS-B,14,"['sigma', 'lambda', 'theta']","[0.1, 0.0, 0.4764548698649582]","[0.22748731357627747, 0.1645426791679953, 0.6499186448340201]","[0.25, 0.12, 0.5]","[0.022512686423722533, 0.044542679167995314, 0.14991864483402007]",-20.05095416420719,4.003446516284974
L-BFGS-B,15,"['sigma', 'lambda', 'theta']","[0.1, 0.0, 0.38245101727105113]","[0.21567928926077434, 0.07183992566586388, 0.5150585467935267]","[0.25, 0.12, 0.5]","[0.03432071073922566, 0.04816007433413612, 0.015058546793526695]",-23.0857831943611,3.721566036137035
L-BFGS-B,16,"['sigma', 'lambda', 'theta']","[0.1, 0.0, 0.3474664813120126]","[0.20640076900463755, 0.1808070359720847, 0.431845427236013]","[0.25, 0.12, 0.5]","[0.04359923099536245, 0.0608070359720847, 0.06815457276398701]",-26.053951642504693,3.4796610975502906
L-BFGS-B,17,"['sigma', 'lambda', 'theta']","[0.1, 0.0, 0.32043342801922114]","[0.24149193409031752, 0.10352174405822324, 0.5775701209310001]","[0.25, 0.12, 0.5]","[0.008508065909682477, 0.01647825594177675, 0.07757012093100013]",-22.76636658145858,3.7494314061609852
L-BFGS-B,18,"['sigma', 'lambda', 'theta']","[0.1, 0.0, 0.41688185876902734]","[0.2333120947226132, 0.19263405832756364, 0.428581258944946]","[0.25, 0.12, 0.5]","[0.01668790527738681, 0.07263405832756364, 0.07141874105505402]",-25.360873885711154,3.533584823617881
L-BFGS-B,19,"['sigma', 'lambda', 'theta']","[0.1, 0.0, 0.37643746453125004]","[0.23558517921907327, 0.21020384858739166, 0.4337388359058082]","[0.25, 0.12, 0.5]","[0.014414820780926735, 0.09020384858739167, 0.0662611640941918]",-26.5036543042706,3.4454347564811085
L-BFGS-B,20,"['sigma', 'lambda', 'theta']","[0.1, 0.0, 0.325091734075443]","[0.2409328063286479, 0.26467363856893916, 0.37237853522417097]","[0.25, 0.12, 0.5]","[0.009067193671352086, 0.14467363856893917, 0.12762146477582903]",-27.12314785317237,3.3992249447627767
L-BFGS-B,21,"['sigma', 'lambda', 'theta']","[0.1, 0.0, 0.4994281522956493]","[0.2526732993775404, 0.08804101697016449, 0.6665197019500583]","[0.25, 0.12, 0.5]","[0.0026732993775404057, 0.031958983029835505, 0.16651970195005827]",-26.64751818870662,3.4346079597039694
L-BFGS-B,22,"['sigma', 'lambda', 'theta']","[0.1, 0.0, 0.4879374449513387]","[0.26799837918010644, 0.15624665895813175, 0.5330260911644011]","[0.25, 0.12, 0.5]","[0.01799837918010644, 0.036246658958131756, 0.03302609116440114]",-25.5067847995383,3.5221110253119736
L-BFGS-B,23,"['sigma', 'lambda', 'theta']","[0.1, 0.0, 0.4015567652897483]","[0.25307244507400256, 0.347980493276362, 0.44678429188917856]","[0.25, 0.12, 0.5]","[0.003072445074002561, 0.227980493276362, 0.053215708110821436]",-29.242815497492188,3.2487321610200297
L-BFGS-B,24,"['sigma', 'lambda', 'theta']","[0.1, 0.0, 0.45894934183859315]","[0.20221480508118522, 0.0780049345573922, 0.6989629742472132]","[0.25, 0.12, 0.5]","[0.04778519491881478, 0.041995065442607796, 0.1989629742472132]",-40.89189607501545,2.5781361931174693
L-BFGS-B,25,"['sigma', 'lambda', 'theta']","[0.1, 0.0, 0.3018579623937287]","[0.2566487079361783, 0.10828249125687804, 0.43797385555342777]","[0.25, 0.12, 0.5]","[0.0066487079361782775, 0.011717508743121954, 0.06202614444657223]",-31.22769598666685,3.1173892141392834
L-BFGS-B,26,"['sigma', 'lambda', 'theta']","[0.1, 0.0, 0.41786761380792037]","[0.21289173529978936, 0.19860502959621992, 0.48584192103761187]","[0.25, 0.12, 0.5]","[0.03710826470021064, 0.07860502959621993, 0.014158078962388132]",-41.87505536282174,2.5306193755168156
L-BFGS-B,27,"['sigma', 'lambda', 'theta']","[0.1, 0.0, 0.29395876710865076]","[0.252432416999561, 0.22059899227440752, 0.28445816763587056]","[0.25, 0.12, 0.5]","[0.0024324169995609823, 0.10059899227440752, 0.21554183236412944]",-34.69137140252877,2.907018013440454
L-BFGS-B,28,"['sigma', 'lambda', 'theta']","[0.1, 0.0, 0.4687471452076991]","[0.22566310894779332, 0.2459142518325673, 0.5063719938523698]","[0.25, 0.12, 0.5]","[0.024336891052206683, 0.1259142518325673, 0.006371993852369751]",-42.07905807440307,2.520899631969
L-BFGS-B,29,"['sigma', 'lambda', 'theta']","[0.1, 0.0, 0.39960368435882315]","[0.22724289274824983, 0.12271700923262913, 0.5013279040904175]","[0.25, 0.12, 0.5]","[0.022757107251750175, 0.0027170092326291306, 0.0013279040904174977]",-43.24687135187646,2.466150215847236
L-BFGS-B,30,"['sigma', 'lambda', 'theta']","[0.1, 0.0, 0.5134404830545762]","[0.24256546216826663, 0.06862152514824643, 0.8163927226159823]","[0.25, 0.12, 0.5]","[0.007434537831733368, 0.051378474851753564, 0.3163927226159823]",-41.00678379457461,2.5725249771563314
L-BFGS-B,31,"['sigma', 'lambda', 'theta']","[0.1, 0.0, 0.5040665789165013]","[0.28789430951098527, 0.2083993294515382, 0.5489985668075055]","[0.25, 0.12, 0.5]","[0.03789430951098527, 0.0883993294515382, 0.04899856680750547]",-32.14151760156397,3.0597028446746277
L-BFGS-B,32,"['sigma', 'lambda', 'theta']","[0.1, 0.0, 0.39057163552848306]","[0.2627472689887921, 0.11454383506076145, 0.47276266145927]","[0.25, 0.12, 0.5]","[0.012747268988792082, 0.0054561649392385475, 0.027237338540730016]",-38.87974469054817,2.6790531740608987
L-BFGS-B,33,"['sigma', 'lambda', 'theta']","[0.1, 0.0, 0.5820647564589971]","[0.2418606075540062, 0.08926759037747695, 0.7253376393228762]","[0.25, 0.12, 0.5]","[0.008139392445993793, 0.03073240962252305, 0.2253376393228762]",-45.43510904598475,2.367429733623773
L-BFGS-B,34,"['sigma', 'lambda', 'theta']","[0.1, 0.0, 0.46722217497214596]","[0.24361478760012262, 0.1304394088235626, 0.5746107099100599]","[0.25, 0.12, 0.5]","[0.006385212399877382, 0.010439408823562618, 0.07461070991005991]",-46.37799612934003,2.3263497491934535
L-BFGS-B,35,"['sigma', 'lambda', 'theta']","[0.1, 0.0, 0.43694493915268917]","[0.246283567907678, 0.15936762240405603, 0.49600611422020113]","[0.25, 0.12, 0.5]","[0.003716432092322003, 0.03936762240405603, 0.003993885779798867]",-47.0425059232714,2.2978968513003037
L-BFGS-B,36,"['sigma', 'lambda', 'theta']","[0.1, 0.0, 0.3351985614269468]","[0.25999147938035383, 0.13742869190445228, 0.3899138982946005]","[0.25, 0.12, 0.5]","[0.00999147938035383, 0.017428691904452287, 0.11008610170539951]",-44.63454760145776,2.4029836618624705
L-BFGS-B,37,"['sigma', 'lambda', 'theta']","[0.1, 0.0, 0.4734662182664245]","[0.2504231106997125, 0.07601652693493831, 0.6362521632608815]","[0.25, 0.12, 0.5]","[0.00042311069971251447, 0.04398347306506169, 0.13625216326088152]",-48.609595693096495,2.2323580926758453
L-BFGS-B,38,"['sigma', 'lambda', 'theta']","[0.1, 0.0, 0.43544649157248344]","[0.26162116926651535, 0.16954519205971097, 0.48123334092002346]","[0.25, 0.12, 0.5]","[0.011621169266515352, 0.049545192059710974, 0.018766659079976544]",-46.72269800998535,2.3115398292920206
L-BFGS-B,39,"['sigma', 'lambda', 'theta']","[0.1, 0.0, 0.41914695083003367]","[0.24717918627817806, 0.15328251387078975, 0.46664737172995735]","[0.25, 0.12, 0.5]","[0.002820813721821941, 0.03328251387078976, 0.03335262827004265]",-52.30104426917792,2.085967324445142
L-BFGS-B,40,"['sigma', 'lambda', 'theta']","[0.1, 0.0, 0.31657480073991684]","[0.2421994257920787, 0.013825521914872472, 1.0]","[0.25, 0.12, 0.5]","[0.007800574207921296, 0.10617447808512752, 0.5]",-55.26484674316019,1.9757259527349902
L-BFGS-B,41,"['sigma', 'lambda', 'theta']","[0.1, 0.0, 0.44643743992602725]","[0.25999562962973755, 0.17638264620079067, 0.4753061410610936]","[0.25, 0.12, 0.5]","[0.009995629629737546, 0.05638264620079067, 0.02469385893890641]",-51.009636348390885,2.135970874232873
L-BFGS-B,42,"['sigma', 'lambda', 'theta']","[0.1, 0.0, 0.40558876461776583]","[0.2591062943229995, 0.06459654756426435, 0.5764463117597637]","[0.25, 0.12, 0.5]","[0.009106294322999475, 0.05540345243573565, 0.07644631175976369]",-52.56584358519091,2.0758669053622034
L-BFGS-B,43,"['sigma', 'lambda', 'theta']","[0.1, 0.0, 0.39638813205752965]","[0.23587230215173596, 0.24810503187292274, 0.4058745163272607]","[0.25, 0.12, 0.5]","[0.014127697848264037, 0.12810503187292274, 0.09412548367273932]",-61.73954004519179,1.7541508616421098
L-BFGS-B,44,"['sigma', 'lambda', 'theta']","[0.1, 0.0, 0.347816600232117]","[0.2343814920453725, 0.3197652617926097, 0.35977714296231295]","[0.25, 0.12, 0.5]","[0.015618507954627492, 0.19976526179260973, 0.14022285703768705]",-63.754808344880814,1.6899107875760997
L-BFGS-B,45,"['sigma', 'lambda', 'theta']","[0.1, 0.0, 0.4142856771209153]","[0.2429965044571362, 0.21654368858981848, 0.4398298359118179]","[0.25, 0.12, 0.5]","[0.007003495542863808, 0.09654368858981849, 0.0601701640881821]",-62.06095037286679,1.7437660546443539
L-BFGS-B,46,"['sigma', 'lambda', 'theta']","[0.1, 0.0, 0.5247295248228022]","[0.24735552972840827, 0.18186162977339537, 0.5583650454600997]","[0.25, 0.12, 0.5]","[0.002644470271591731, 0.06186162977339538, 0.058365045460099685]",-61.87126267273834,1.7498883643680951
L-BFGS-B,47,"['sigma', 'lambda', 'theta']","[0.1, 0.0, 0.3955305592704062]","[0.26080751575190186, 0.26395105500150995, 0.4121073736341213]","[0.25, 0.12, 0.5]","[0.010807515751901864, 0.14395105500150995, 0.08789262636587869]",-58.3742389985346,1.8662506410471735
L-BFGS-B,48,"['sigma', 'lambda', 'theta']","[0.1, 0.0, 0.48217065663556635]","[0.23912369410841908, 0.23059836825936963, 0.5238051403178257]","[0.25, 0.12, 0.5]","[0.010876305891580923, 0.11059836825936964, 0.023805140317825657]",-67.80259016140074,1.5667992056257045
L-BFGS-B,49,"['sigma', 'lambda', 'theta']","[0.1, 0.0, 0.32260698180944997]","[0.2515823533081799, 0.43203870833871555, 0.3304415504262569]","[0.25, 0.12, 0.5]","[0.0015823533081799068, 0.31203870833871555, 0.1695584495737431]",-64.36942616536108,1.6707224572074963
L-BFGS-B,50,"['sigma', 'lambda', 'theta']","[0.1, 0.0, 0.47653531546500405]","[0.2562606124903193, 0.15636409836406548, 0.5183956662085435]","[0.25, 0.12, 0.5]","[0.006260612490319284, 0.036364098364065484, 0.018395666208543493]",-63.90484992250828,1.6852094857317272
L-BFGS-B,51,"['sigma', 'lambda', 'theta']","[0.1, 0.0, 0.41315990489306426]","[0.2465101857851109, 0.26626177945834006, 0.4166411250415276]","[0.25, 0.12, 0.5]","[0.0034898142148890865, 0.14626177945834007, 0.08335887495847238]",-69.08818562763459,1.5292325176846386
L-BFGS-B,52,"['sigma', 'lambda', 'theta']","[0.1, 0.0, 0.4077230970461676]","[0.23549242212459098, 0.24452355008369603, 0.4209515036152614]","[0.25, 0.12, 0.5]","[0.014507577875409017, 0.12452355008369603, 0.0790484963847386]",-75.13385417188344,1.3614575097927073
L-BFGS-B,53,"['sigma', 'lambda', 'theta']","[0.1, 0.0, 0.5755349294981948]","[0.2270471268726436, 0.22693068464873078, 0.6051791628855377]","[0.25, 0.12, 0.5]","[0.022952873127356388, 0.10693068464873079, 0.10517916288553775]",-80.40524938513448,1.2258410701731055
L-BFGS-B,54,"['sigma', 'lambda', 'theta']","[0.1, 0.0, 0.4759136032707246]","[0.2384737889233883, 0.11029316467398949, 0.5506271018917636]","[0.25, 0.12, 0.5]","[0.011526211076611698, 0.009706835326010507, 0.05062710189176356]",-76.74672404370439,1.318978595826616
L-BFGS-B,55,"['sigma', 'lambda', 'theta']","[0.1, 0.0, 0.359810748413266]","[0.23255110213526248, 0.21208558380681178, 0.37167090630495836]","[0.25, 0.12, 0.5]","[0.017448897864737523, 0.09208558380681178, 0.12832909369504164]",-80.91090873647119,1.213302685590314
L-BFGS-B,56,"['sigma', 'lambda', 'theta']","[0.1, 0.0, 0.47212278342837255]","[0.26348164827660026, 0.21849754952330952, 0.4977885385363003]","[0.25, 0.12, 0.5]","[0.013481648276600255, 0.09849754952330952, 0.0022114614636997154]",-68.67316886888979,1.541282864192345
L-BFGS-B,57,"['sigma', 'lambda', 'theta']","[0.1, 0.0, 0.45242651725004457]","[0.25387200853431674, 0.1738579515040972, 0.4742175102449958]","[0.25, 0.12, 0.5]","[0.00387200853431674, 0.053857951504097196, 0.02578248975500419]",-74.08296134667627,1.3896288709578464
L-BFGS-B,58,"['sigma', 'lambda', 'theta']","[0.1, 0.0, 0.39439642397636804]","[0.2465690362545756, 0.1440219912504819, 0.43949314701369036]","[0.25, 0.12, 0.5]","[0.003430963745424398, 0.024021991250481906, 0.060506852986309645]",-78.73332088646956,1.2678670859874632
L-BFGS-B,59,"['sigma', 'lambda', 'theta']","[0.1, 0.0, 0.4503403151263719]","[0.22808202837317187, 0.09121170398276904, 0.5213333394246783]","[0.25, 0.12, 0.5]","[0.021917971626828125, 0.028788296017230958, 0.0213333394246783]",-89.15525406174544,1.0192414447091878
L-BFGS-B,60,"['sigma', 'lambda', 'theta']","[0.1, 0.0, 0.4288904877732314]","[0.2437480200716135, 0.19476460470820073, 0.4500311172296344]","[0.25, 0.12, 0.5]","[0.006251979928386497, 0.07476460470820073, 0.0499688827703656]",-82.85371434234933,1.165846849995571
L-BFGS-B,61,"['sigma', 'lambda', 'theta']","[0.1, 0.0, 0.5008172312224507]","[0.2592601571919333, 0.08337940296777263, 0.6263951520921478]","[0.25, 0.12, 0.5]","[0.009260157191933294, 0.036620597032227364, 0.1263951520921478]",-76.85438135098255,1.3161750398331815
L-BFGS-B,62,"['sigma', 'lambda', 'theta']","[0.1, 0.0, 0.48365108778516824]","[0.2610189904501987, 0.11061163892676934, 0.516990844043095]","[0.25, 0.12, 0.5]","[0.011018990450198718, 0.009388361073230655, 0.016990844043095032]",-77.31044275501047,1.3043419193514634
L-BFGS-B,63,"['sigma', 'lambda', 'theta']","[0.1, 0.0, 0.4012070362546706]","[0.25996449239680935, 0.11295831433345065, 0.45103844712326857]","[0.25, 0.12, 0.5]","[0.009964492396809355, 0.007041685666549349, 0.04896155287673143]",-79.07978174920622,1.259085523149718
L-BFGS-B,64,"['sigma', 'lambda', 'theta']","[0.1, 0.0, 0.4242478301606235]","[0.25975908392991043, 0.15663436034859685, 0.47501893210021123]","[0.25, 0.12, 0.5]","[0.009759083929910428, 0.03663436034859685, 0.024981067899788767]",-80.45485913773616,1.2246074578218504
L-BFGS-B,65,"['sigma', 'lambda', 'theta']","[0.1, 0.0, 0.3399222616997257]","[0.22520308974433584, 0.06383727813828606, 0.40472029861471864]","[0.25, 0.12, 0.5]","[0.024796910255664162, 0.056162721861713935, 0.09527970138528136]",-100.00415599225143,0.7895765099059684
L-BFGS-B,66,"['sigma', 'lambda', 'theta']","[0.1, 0.0, 0.41662205089848436]","[0.24837562542156336, 0.3266790964700913, 0.42642206565706886]","[0.25, 0.12, 0.5]","[0.0016243745784366437, 0.2066790964700913, 0.07357793434293114]",-88.83458354657333,1.026447942932469
L-BFGS-B,67,"['sigma', 'lambda', 'theta']","[0.1, 0.0, 0.4316695974588489]","[0.2416692064591672, 0.13469846856052778, 0.4603190941118855]","[0.25, 0.12, 0.5]","[0.008330793540832798, 0.014698468560527783, 0.039680905888114515]",-93.81441459149185,0.91736296422226
L-BFGS-B,68,"['sigma', 'lambda', 'theta']","[0.1, 0.0, 0.5344905827839255]","[0.24999965180634798, 0.13335481493776302, 0.5488033327954908]","[0.25, 0.12, 0.5]","[3.4819365202221064e-07, 0.013354814937763027, 0.04880333279549076]",-90.69463933244788,0.985003495812391
L-BFGS-B,69,"['sigma', 'lambda', 'theta']","[0.1, 0.0, 0.3546218841146936]","[0.24548125371794358, 0.10005005841819979, 0.4257279558678559]","[0.25, 0.12, 0.5]","[0.004518746282056424, 0.019949941581800204, 0.07427204413214411]",-94.52877820121131,0.9021913612615542
L-BFGS-B,70,"['sigma', 'lambda', 'theta']","[0.1, 0.0, 0.46812515688657463]","[0.2508024514961199, 0.12575568052804997, 0.5086856206201195]","[0.25, 0.12, 0.5]","[0.0008024514961199047, 0.005755680528049978, 0.00868562062011946]",-92.95950532926896,0.9356720564788397
L-BFGS-B,71,"['sigma', 'lambda', 'theta']","[0.1, 0.0, 0.49297454275915187]","[0.24932285612443483, 0.11410852088236119, 0.49829280556285666]","[0.25, 0.12, 0.5]","[0.0006771438755651671, 0.0058914791176388065, 0.0017071944371433445]",-95.13511776322288,0.88940365330917
L-BFGS-B,72,"['sigma', 'lambda', 'theta']","[0.1, 0.0, 0.5223730879638904]","[0.254097342306777, 0.14532151352383763, 0.5427452495052375]","[0.25, 0.12, 0.5]","[0.0040973423067769965, 0.02532151352383763, 0.042745249505237504]",-93.80062563417333,0.9176569482722972
L-BFGS-B,73,"['sigma', 'lambda', 'theta']","[0.1, 0.0, 0.46918030602265776]","[0.24563029585176088, 0.06544027758693939, 0.5637581445664522]","[0.25, 0.12, 0.5]","[0.0043697041482391175, 0.054559722413060605, 0.06375814456645224]",-100.00189371759626,0.7896217540305042
L-BFGS-B,74,"['sigma', 'lambda', 'theta']","[0.1, 0.0, 0.5146263577478064]","[0.24464061191037395, 0.15396575347904465, 0.5554460177018389]","[0.25, 0.12, 0.5]","[0.005359388089626049, 0.03396575347904465, 0.05544601770183888]",-101.98026037853073,0.7504414622898459
L-BFGS-B,75,"['sigma', 'lambda', 'theta']","[0.1, 0.0, 0.38347517879893817]","[0.24735837378055653, 0.10019640898282742, 0.41816610358847894]","[0.25, 0.12, 0.5]","[0.0026416262194434714, 0.019803591017172578, 0.08183389641152106]",-101.74215767679341,0.7551165061544616
L-BFGS-B,76,"['sigma', 'lambda', 'theta']","[0.1, 0.0, 0.537065810232592]","[0.23593727491735023, 0.11998243424227878, 0.6194086945705859]","[0.25, 0.12, 0.5]","[0.014062725082649774, 1.756575772121627e-05, 0.1194086945705859]",-110.20786531474867,0.5952634654720619
L-BFGS-B,77,"['sigma', 'lambda', 'theta']","[0.1, 0.0, 0.4159456810552098]","[0.2435096510499581, 0.12123807500253031, 0.4508600234993975]","[0.25, 0.12, 0.5]","[0.006490348950041913, 0.0012380750025303144, 0.04913997650060248]",-106.87554339122796,0.6566699767872688
L-BFGS-B,78,"['sigma', 'lambda', 'theta']","[0.1, 0.0, 0.5501662430634826]","[0.2521283850547781, 0.16760443434120142, 0.5761074747368615]","[0.25, 0.12, 0.5]","[0.0021283850547780814, 0.04760443434120143, 0.07610747473686152]",-102.92540471855479,0.731991000364351
L-BFGS-B,79,"['sigma', 'lambda', 'theta']","[0.1, 0.0, 0.46804764869718]","[0.23588640020113885, 0.2740832921666789, 0.48846119643807706]","[0.25, 0.12, 0.5]","[0.014113599798861148, 0.15408329216667893, 0.011538803561922939]",-114.64978972490167,0.5162356495176184
L-BFGS-B,80,"['sigma', 'lambda', 'theta']","[0.1, 0.0, 0.538125090281605]","[0.23805320744450464, 0.16346862871345888, 0.570155002642192]","[0.25, 0.12, 0.5]","[0.011946792555495356, 0.043468628713458884, 0.07015500264219199]",-114.6749618851544,0.5157965837791476
L-BFGS-B,81,"['sigma', 'lambda', 'theta']","[0.1, 0.0, 0.48643257037638876]","[0.25288447989401913, 0.22271589170055028, 0.5070543533393942]","[0.25, 0.12, 0.5]","[0.002884479894019132, 0.10271589170055029, 0.007054353339394193]",-106.45638910077204,0.6645291814535987
L-BFGS-B,82,"['sigma', 'lambda', 'theta']","[0.1, 0.0, 0.4921926464983348]","[0.2670025276942398, 0.18803705106776258, 0.5205442784292279]","[0.25, 0.12, 0.5]","[0.017002527694239822, 0.06803705106776259, 0.020544278429227902]",-98.98640464118776,0.8100349723045905
L-BFGS-B,83,"['sigma', 'lambda', 'theta']","[0.1, 0.0, 0.48829130235278545]","[0.26550152423245893, 0.14545736926333014, 0.5203006838733255]","[0.25, 0.12, 0.5]","[0.01550152423245893, 0.025457369263330143, 0.02030068387332551]",-101.13301150520044,0.7671268079499054
L-BFGS-B,84,"['sigma', 'lambda', 'theta']","[0.1, 0.0, 0.438562118165703]","[0.2527660466587207, 0.08377928940057065, 0.505175511824865]","[0.25, 0.12, 0.5]","[0.002766046658720711, 0.03622071059942934, 0.005175511824864976]",-110.52627157431746,0.5894935109937922
L-BFGS-B,85,"['sigma', 'lambda', 'theta']","[0.1, 0.0, 0.42042271256799574]","[0.23802959775445667, 0.07160002846901034, 0.5016564834985445]","[0.25, 0.12, 0.5]","[0.011970402245543327, 0.048399971530989655, 0.0016564834985445254]",-121.94953267880682,0.3927854148350356
L-BFGS-B,86,"['sigma', 'lambda', 'theta']","[0.1, 0.0, 0.5302009975183012]","[0.23917418042556188, 0.11917392263562923, 0.5575573659572033]","[0.25, 0.12, 0.5]","[0.010825819574438122, 0.0008260773643707642, 0.05755736595720329]",-122.58579147494318,0.382377753133742
L-BFGS-B,87,"['sigma', 'lambda', 'theta']","[0.1, 0.0, 0.4637306401901155]","[0.24860139231617442, 0.1259998471655, 0.4981541279624802]","[0.25, 0.12, 0.5]","[0.0013986076838255757, 0.005999847165500005, 0.0018458720375197912]",-117.37871992195502,0.46918874069591787
L-BFGS-B,88,"['sigma', 'lambda', 'theta']","[0.1, 0.0, 0.434149003125408]","[0.23652783494607377, 0.2358135304272163, 0.44713953038267074]","[0.25, 0.12, 0.5]","[0.013472165053926233, 0.11581353042721632, 0.052860469617329264]",-127.40614101757856,0.3052401107477891
L-BFGS-B,89,"['sigma', 'lambda', 'theta']","[0.1, 0.0, 0.4348788705732602]","[0.24465369799712466, 0.2503478135621099, 0.45710599936293234]","[0.25, 0.12, 0.5]","[0.005346302002875336, 0.1303478135621099, 0.042894000637067664]",-122.9257201946801,0.37683945581082057
L-BFGS-B,90,"['sigma', 'lambda', 'theta']","[0.1, 0.0, 0.5445165332712354]","[0.24818864564155077, 0.14675804560179334, 0.569229242446446]","[0.25, 0.12, 0.5]","[0.0018113543584492298, 0.026758045601793345, 0.06922924244644602]",-121.7691003504166,0.39574673722736975
L-BFGS-B,91,"['sigma', 'lambda', 'theta']","[0.1, 0.0, 0.45712503011657185]","[0.25719353367647707, 0.1633868121222653, 0.4700272919293278]","[0.25, 0.12, 0.5]","[0.007193533676477071, 0.043386812122265306, 0.029972708070672205]",-116.72214668041339,0.48040740848881036
L-BFGS-B,92,"['sigma', 'lambda', 'theta']","[0.1, 0.0, 0.4255042483624527]","[0.23808527323545825, 0.31708288980095756, 0.4336989247672517]","[0.25, 0.12, 0.5]","[0.01191472676454175, 0.19708288980095756, 0.06630107523274831]",-132.069432153838,0.233344429076622
L-BFGS-B,93,"['sigma', 'lambda', 'theta']","[0.1, 0.0, 0.42473922881826515]","[0.2575131409386521, 0.12649310896776153, 0.42935701913954205]","[0.25, 0.12, 0.5]","[0.007513140938652074, 0.006493108967761535, 0.07064298086045795]",-119.0874711502067,0.4402834504484776
L-BFGS-B,94,"['sigma', 'lambda', 'theta']","[0.1, 0.0, 0.46604868016132833]","[0.24374653019562317, 0.16152452076814958, 0.4826969383264229]","[0.25, 0.12, 0.5]","[0.006253469804376827, 0.04152452076814958, 0.01730306167357709]",-130.601067117529,0.2557052246128979
L-BFGS-B,95,"['sigma', 'lambda', 'theta']","[0.1, 0.0, 0.4989641735048822]","[0.2607835430542988, 0.09447299581799448, 0.5169259629920016]","[0.25, 0.12, 0.5]","[0.010783543054298794, 0.025527004182005514, 0.016925962992001553]",-119.30377213046366,0.4366541050641839
L-BFGS-B,96,"['sigma', 'lambda', 'theta']","[0.1, 0.0, 0.4188802689487392]","[0.23399629676860434, 0.12421103446731033, 0.4505890486551406]","[0.25, 0.12, 0.5]","[0.01600370323139566, 0.004211034467310332, 0.0494109513448594]",-141.16617020775396,0.10012458282074732
L-BFGS-B,97,"['sigma', 'lambda', 'theta']","[0.1, 0.0, 0.4408905868806779]","[0.23742190448890957, 0.14374063598867373, 0.4541626062501701]","[0.25, 0.12, 0.5]","[0.012578095511090431, 0.023740635988673736, 0.045837393749829924]",-139.86169992325438,0.11869184666944221
L-BFGS-B,98,"['sigma', 'lambda', 'theta']","[0.1, 0.0, 0.3931577745677582]","[0.261391359387399, 0.11426274231921102, 0.4320542404418986]","[0.25, 0.12, 0.5]","[0.011391359387398992, 0.005737257680788976, 0.06794575955810139]",-122.65968288405307,0.3811725702607216
L-BFGS-B,99,"['sigma', 'lambda', 'theta']","[0.1, 0.0, 0.44804358309072817]","[0.2584915999335157, 0.08713315166439978, 0.4529244627211413]","[0.25, 0.12, 0.5]","[0.008491599933515726, 0.03286684833560022, 0.047075537278858715]",-126.11069667409949,0.32567986742157906
L-BFGS-B,100,"['sigma', 'lambda', 'theta']","[0.1, 0.0, 0.4641634769386152]","[0.24288433111873378, 0.09884550389546272, 0.5164514700151366]","[0.25, 0.12, 0.5]","[0.007115668881266218, 0.021154496104537276, 0.016451470015136582]",-139.72855850239313,0.12059665453613988
L-BFGS-B,101,"['sigma', 'lambda', 'theta']","[0.1, 0.0, 0.5183425805426543]","[0.2585825554646173, 0.16137351023677382, 0.5410113550176034]","[0.25, 0.12, 0.5]","[0.00858255546461728, 0.041373510236773825, 0.041011355017603446]",-128.6140595861596,0.2863677322613576
L-BFGS-B,102,"['sigma', 'lambda', 'theta']","[0.1, 0.0, 0.4697391764336529]","[0.23625306868044937, 0.1335393773189858, 0.49463173828723184]","[0.25, 0.12, 0.5]","[0.013746931319550626, 0.013539377318985801, 0.005368261712768163]",-148.1430657980336,0.003643064708068522
L-BFGS-B,103,"['sigma', 'lambda', 'theta']","[0.1, 0.0, 0.4347339960600664]","[0.24102477280366763, 0.09959928645042244, 0.48875448731692545]","[0.25, 0.12, 0.5]","[0.00897522719633237, 0.02040071354957755, 0.011245512683074554]",-145.53061706625772,0.0392270179056009
L-BFGS-B,104,"['sigma', 'lambda', 'theta']","[0.1, 0.0, 0.4741348686416103]","[0.2359648887771842, 0.16188408407395696, 0.49455509685561294]","[0.25, 0.12, 0.5]","[0.01403511122281581, 0.04188408407395697, 0.005444903144387059]",-151.32804343638895,-0.03889990699227219
L-BFGS-B,105,"['sigma', 'lambda', 'theta']","[0.1, 0.0, 0.4388675795603209]","[0.2500717569891755, 0.12011436102401424, 0.45567531982897974]","[0.25, 0.12, 0.5]","[7.175698917549767e-05, 0.00011436102401424231, 0.04432468017102026]",-140.71977561225495,0.10645898828187228
L-BFGS-B,106,"['sigma', 'lambda', 'theta']","[0.1, 0.0, 0.43208587634224005]","[0.2500486055766453, 0.11281179630402632, 0.44743972701954127]","[0.25, 0.12, 0.5]","[4.8605576645321946e-05, 0.007188203695973672, 0.05256027298045873]",-142.09226655147435,0.0870467779145141
L-BFGS-B,107,"['sigma', 'lambda', 'theta']","[0.1, 0.0, 0.5408297734283548]","[0.2489355786089919, 0.1305957565134672, 0.5610038778502717]","[0.25, 0.12, 0.5]","[0.0010644213910080969, 0.010595756513467197, 0.061003877850271726]",-144.39130653509685,0.05494595880837316
L-BFGS-B,108,"['sigma', 'lambda', 'theta']","[0.1, 0.0, 0.5257024294152507]","[0.26071884569496667, 0.15391813423524936, 0.5389121984067183]","[0.25, 0.12, 0.5]","[0.010718845694966672, 0.033918134235249364, 0.038912198406718335]",-135.85632781678285,0.17680417154694084
L-BFGS-B,109,"['sigma', 'lambda', 'theta']","[0.1, 0.0, 0.39620166739602053]","[0.24828188234619386, 0.1619119166477952, 0.39876925478705405]","[0.25, 0.12, 0.5]","[0.0017181176538061393, 0.0419119166477952, 0.10123074521294595]",-147.68362036733953,0.009855429198340815
L-BFGS-B,110,"['sigma', 'lambda', 'theta']","[0.1, 0.0, 0.4923036655662657]","[0.24779605709098262, 0.14980382883031826, 0.5126411566112188]","[0.25, 0.12, 0.5]","[0.0022039429090173757, 0.029803828830318263, 0.012641156611218785]",-149.4780490416863,-0.014299105795371858
L-BFGS-B,111,"['sigma', 'lambda', 'theta']","[0.1, 0.0, 0.4436759067110745]","[0.24655717863663715, 0.20996555909391137, 0.4540332646692731]","[0.25, 0.12, 0.5]","[0.0034428213633628524, 0.08996555909391138, 0.04596673533072693]",-151.95207196789949,-0.04713031024614445
L-BFGS-B,112,"['sigma', 'lambda', 'theta']","[0.1, 0.0, 0.42169477703196]","[0.22772467403050742, 0.1252023958679293, 0.4394887911068394]","[0.25, 0.12, 0.5]","[0.022275325969492582, 0.00520239586792931, 0.060511208893160584]",-170.97278691340102,-0.28300880596221134
L-BFGS-B,113,"['sigma', 'lambda', 'theta']","[0.1, 0.0, 0.4184415152525599]","[0.2461429542360568, 0.09336104756645251, 0.4458839221249872]","[0.25, 0.12, 0.5]","[0.00385704576394319, 0.026638952433547483, 0.054116077875012825]",-155.0915154217671,-0.08803072952925106
L-BFGS-B,114,"['sigma', 'lambda', 'theta']","[0.1, 0.0, 0.44912308583575544]","[0.24208962206614598, 0.13807530518364322, 0.47090814579807244]","[0.25, 0.12, 0.5]","[0.007910377933854018, 0.018075305183643225, 0.02909185420192756]",-160.22882479700925,-0.15320589703501497
L-BFGS-B,115,"['sigma', 'lambda', 'theta']","[0.1, 0.0, 0.46469873171252274]","[0.24970496486340213, 0.12997164244266593, 0.4856721511200369]","[0.25, 0.12, 0.5]","[0.00029503513659787095, 0.009971642442665934, 0.014327848879963079]",-154.5851499278864,-0.08149015347909305
L-BFGS-B,116,"['sigma', 'lambda', 'theta']","[0.1, 0.0, 0.4859147647721831]","[0.25510755821944486, 0.19511962135437758, 0.5018972212590459]","[0.25, 0.12, 0.5]","[0.005107558219444863, 0.07511962135437758, 0.0018972212590459003]",-151.01799633621337,-0.03479802149590938
L-BFGS-B,117,"['sigma', 'lambda', 'theta']","[0.1, 0.0, 0.5010432972450334]","[0.23688211587325123, 0.14369015486828576, 0.5121248923983505]","[0.25, 0.12, 0.5]","[0.013117884126748774, 0.023690154868285768, 0.012124892398350462]",-169.52761744988766,-0.26603169671133564
L-BFGS-B,118,"['sigma', 'lambda', 'theta']","[0.1, 0.0, 0.5171223017846889]","[0.23603694720346655, 0.2227661284460526, 0.5283005086840448]","[0.25, 0.12, 0.5]","[0.013963052796533454, 0.1027661284460526, 0.028300508684044767]",-171.8254353985545,-0.2929581019391314
L-BFGS-B,119,"['sigma', 'lambda', 'theta']","[0.1, 0.0, 0.45764882345692987]","[0.23795191031897925, 0.2068926582119407, 0.46874943522148743]","[0.25, 0.12, 0.5]","[0.012048089681020752, 0.0868926582119407, 0.03125056477851257]",-171.38709575057226,-0.2878494319864551
L-BFGS-B,120,"['sigma', 'lambda', 'theta']","[0.1, 0.0, 0.46272574552153223]","[0.2613302306103753, 0.06944336056223989, 0.51718323407022]","[0.25, 0.12, 0.5]","[0.011330230610375303, 0.050556639437760106, 0.017183234070220044]",-150.53510195879576,-0.028392585200702314
L-BFGS-B,121,"['sigma', 'lambda', 'theta']","[0.1, 0.0, 0.41628185144787166]","[0.24199823797772635, 0.1849540502348701, 0.4286464008723471]","[0.25, 0.12, 0.5]","[0.00800176202227365, 0.06495405023487011, 0.07135359912765288]",-170.24512605386752,-0.2744786328974236
L-BFGS-B,122,"['sigma', 'lambda', 'theta']","[0.1, 0.0, 0.47061935578254815]","[0.25080086249624234, 0.10640011636936707, 0.5034902139039484]","[0.25, 0.12, 0.5]","[0.0008008624962423383, 0.013599883630632928, 0.003490213903948436]",-163.01748012135394,-0.18771487013053978
L-BFGS-B,123,"['sigma', 'lambda', 'theta']","[0.1, 0.0, 0.4597197122954297]","[0.2514333844945571, 0.18507678253384258, 0.4802748041836275]","[0.25, 0.12, 0.5]","[0.0014333844945570995, 0.06507678253384258, 0.0197251958163725]",-163.75014499026236,-0.19668351990337207
L-BFGS-B,124,"['sigma', 'lambda', 'theta']","[0.1, 0.0, 0.5440430850463599]","[0.23898291092108873, 0.11082293439473934, 0.5677075939069207]","[0.25, 0.12, 0.5]","[0.011017089078911274, 0.00917706560526066, 0.06770759390692072]",-177.58569798558744,-0.3589065959099518
L-BFGS-B,125,"['sigma', 'lambda', 'theta']","[0.1, 0.0, 0.40335763054118157]","[0.24260860522225663, 0.0944192939802255, 0.42789626230207656]","[0.25, 0.12, 0.5]","[0.007391394777743365, 0.025580706019774496, 0.07210373769792344]",-175.29524556533502,-0.33294333971130463
L-BFGS-B,126,"['sigma', 'lambda', 'theta']","[0.1, 0.0, 0.4954760282344218]","[0.24789524583302566, 0.1685394663368269, 0.509815401531307]","[0.25, 0.12, 0.5]","[0.0021047541669743375, 0.0485394663368269, 0.009815401531307]",-171.31973113973137,-0.2870631668009054
L-BFGS-B,127,"['sigma', 'lambda', 'theta']","[0.1, 0.0, 0.46092031989857424]","[0.23977097167552738, 0.1321253460194415, 0.4700433830251762]","[0.25, 0.12, 0.5]","[0.010229028324472617, 0.012125346019441513, 0.029956616974823824]",-181.08744957939984,-0.39796012287096083
L-BFGS-B,128,"['sigma', 'lambda', 'theta']","[0.1, 0.0, 0.49675198348042515]","[0.241683451099739, 0.1803762815956452, 0.508481376742359]","[0.25, 0.12, 0.5]","[0.008316548900261012, 0.060376281595645204, 0.008481376742359048]",-180.50671331669156,-0.3915359399431111
L-BFGS-B,129,"['sigma', 'lambda', 'theta']","[0.1, 0.0, 0.5253157758872793]","[0.25129913003335325, 0.11788366302942113, 0.5650973428378477]","[0.25, 0.12, 0.5]","[0.0012991300333532463, 0.0021163369705788637, 0.06509734283784774]",-171.9401494364234,-0.2942928957310329
L-BFGS-B,130,"['sigma', 'lambda', 'theta']","[0.1, 0.0, 0.472587920032026]","[0.2617110597508736, 0.17490723412962877, 0.493264301261675]","[0.25, 0.12, 0.5]","[0.01171105975087361, 0.05490723412962878, 0.006735698738325024]",-162.80940626538893,-0.18516045988456575
L-BFGS-B,131,"['sigma', 'lambda', 'theta']","[0.1, 0.0, 0.4433614316017003]","[0.24852529743837407, 0.12205607742328606, 0.4533283009673864]","[0.25, 0.12, 0.5]","[0.0014747025616259346, 0.0020560774232860624, 0.04667169903261359]",-177.51255577956357,-0.3580826864000315
L-BFGS-B,132,"['sigma', 'lambda', 'theta']","[0.1, 0.0, 0.42994246965406013]","[0.2501817561936095, 0.09690065527909131, 0.4459753307067695]","[0.25, 0.12, 0.5]","[0.0001817561936094947, 0.023099344720908688, 0.05402466929323052]",-177.13755696080125,-0.35385317742714406
L-BFGS-B,133,"['sigma', 'lambda', 'theta']","[0.1, 0.0, 0.4700758238727392]","[0.2528705636942241, 0.19466904807362403, 0.48006038710272964]","[0.25, 0.12, 0.5]","[0.0028705636942241153, 0.07466904807362404, 0.019939612897270365]",-175.66753524123519,-0.3371864086165761
L-BFGS-B,134,"['sigma', 'lambda', 'theta']","[0.1, 0.0, 0.4735949761403262]","[0.25269343718141446, 0.1122066333253025, 0.48139419849227344]","[0.25, 0.12, 0.5]","[0.0026934371814144598, 0.007793366674697502, 0.01860580150772656]",-177.18477603129938,-0.35438624087114334
L-BFGS-B,135,"['sigma', 'lambda', 'theta']","[0.1, 0.0, 0.514413963751519]","[0.23531944968003282, 0.18047981289735196, 0.5280515932304581]","[0.25, 0.12, 0.5]","[0.014680550319967178, 0.060479812897351964, 0.02805159323045814]",-197.60743448021108,-0.5725648169874287
L-BFGS-B,136,"['sigma', 'lambda', 'theta']","[0.1, 0.0, 0.4780423314423508]","[0.24789717276782328, 0.15800671155057863, 0.4915788805550809]","[0.25, 0.12, 0.5]","[0.002102827232176724, 0.03800671155057864, 0.008421119444919078]",-185.02317922137672,-0.44096222063664925
L-BFGS-B,137,"['sigma', 'lambda', 'theta']","[0.1, 0.0, 0.4245971452537032]","[0.24242694967790387, 0.1565165006759775, 0.43116705644301834]","[0.25, 0.12, 0.5]","[0.007573050322096125, 0.036516500675977503, 0.06883294355698166]",-192.4630380077939,-0.5198082498847381
L-BFGS-B,138,"['sigma', 'lambda', 'theta']","[0.1, 0.0, 0.4997312238238792]","[0.238270952665567, 0.11556256936095245, 0.5113409503599379]","[0.25, 0.12, 0.5]","[0.011729047334433002, 0.004437430639047543, 0.011340950359937874]",-198.61617914442644,-0.5827484285538382
L-BFGS-B,139,"['sigma', 'lambda', 'theta']","[0.1, 0.0, 0.4815099159339188]","[0.24004382407200406, 0.11933236180757344, 0.5119991139183581]","[0.25, 0.12, 0.5]","[0.009956175927995942, 0.000667638192426559, 0.011999113918358062]",-198.01998536932606,-0.5767359236190721
L-BFGS-B,140,"['sigma', 'lambda', 'theta']","[0.1, 0.0, 0.4632802524391515]","[0.23190047129349226, 0.09274918498652195, 0.47415744525999]","[0.25, 0.12, 0.5]","[0.018099528706507745, 0.02725081501347805, 0.025842554740010015]",-209.04952851321156,-0.6851424048438943
L-BFGS-B,141,"['sigma', 'lambda', 'theta']","[0.1, 0.0, 0.39615212882920886]","[0.2561086842289693, 0.15701309366116808, 0.4105607846588266]","[0.25, 0.12, 0.5]","[0.006108684228969319, 0.03701309366116809, 0.08943921534117338]",-182.75132804035755,-0.41625273116436823
L-BFGS-B,142,"['sigma', 'lambda', 'theta']","[0.1, 0.0, 0.5151167047594768]","[0.23981878520080063, 0.07560576800780244, 0.544896624977894]","[0.25, 0.12, 0.5]","[0.010181214799199367, 0.04439423199219755, 0.04489662497789404]",-202.5892680244167,-0.622361238319824
L-BFGS-B,143,"['sigma', 'lambda', 'theta']","[0.1, 0.0, 0.5004667630462971]","[0.25250722905911044, 0.09806743693451246, 0.5255155112372241]","[0.25, 0.12, 0.5]","[0.0025072290591104385, 0.021932563065487534, 0.025515511237224064]",-189.38407422642987,-0.48755418364576997
L-BFGS-B,144,"['sigma', 'lambda', 'theta']","[0.1, 0.0, 0.4680252943141696]","[0.2578005662627979, 0.1708029603522768, 0.47800778420638457]","[0.25, 0.12, 0.5]","[0.007800566262797903, 0.0508029603522768, 0.021992215793615433]",-184.78429635042855,-0.43837835827632077
L-BFGS-B,145,"['sigma', 'lambda', 'theta']","[0.1, 0.0, 0.47586870147271404]","[0.2527065778295573, 0.10248414642258663, 0.4853245639762713]","[0.25, 0.12, 0.5]","[0.0027065778295572995, 0.017515853577413365, 0.014675436023728727]",-191.82419645673403,-0.5131586182314702
L-BFGS-B,146,"['sigma', 'lambda', 'theta']","[0.1, 0.0, 0.5194197528396252]","[0.24017498315271268, 0.08126660068378394, 0.5394054381962684]","[0.25, 0.12, 0.5]","[0.009825016847287316, 0.038733399316216055, 0.039405438196268405]",-207.9060395946493,-0.6741724898426469
L-BFGS-B,147,"['sigma', 'lambda', 'theta']","[0.1, 0.0, 0.47933502218522833]","[0.2587987175614811, 0.09294801960576242, 0.5128963227494154]","[0.25, 0.12, 0.5]","[0.008798717561481095, 0.027051980394237576, 0.012896322749415434]",-187.5325179696377,-0.467904519089533
L-BFGS-B,148,"['sigma', 'lambda', 'theta']","[0.1, 0.0, 0.5054788952770544]","[0.24211834597883303, 0.14933771761628864, 0.5308125035432092]","[0.25, 0.12, 0.5]","[0.007881654021166973, 0.029337717616288644, 0.03081250354320919]",-208.404385067299,-0.6789607024951341
L-BFGS-B,149,"['sigma', 'lambda', 'theta']","[0.1, 0.0, 0.46250887142384933]","[0.2487428681700572, 0.08590301713420515, 0.4909468212956218]","[0.25, 0.12, 0.5]","[0.0012571318299428036, 0.03409698286579485, 0.009053178704378217]",-201.83219697088705,-0.6148732882142838
L-BFGS-B,150,"['sigma', 'lambda', 'theta']","[0.1, 0.0, 0.4574131367210106]","[0.245566612425014, 0.06568281453717158, 0.4700337375457729]","[0.25, 0.12, 0.5]","[0.004433387574985986, 0.05431718546282842, 0.02996626245422712]",-207.0256290991395,-0.6656851953488498
L-BFGS-B,151,"['sigma', 'lambda', 'theta']","[0.1, 0.0, 0.4219162327367717]","[0.2428487383440778, 0.1417032802745546, 0.4243346055989565]","[0.25, 0.12, 0.5]","[0.0071512616559221975, 0.021703280274554593, 0.07566539440104347]",-211.75391034444962,-0.7108496003190545
L-BFGS-B,152,"['sigma', 'lambda', 'theta']","[0.1, 0.0, 0.4611955131043841]","[0.2538933408027756, 0.1354660166133335, 0.48353010195684615]","[0.25, 0.12, 0.5]","[0.003893340802775591, 0.015466016613333494, 0.016469898043153852]",-199.73398834724622,-0.5939728459433535
L-BFGS-B,153,"['sigma', 'lambda', 'theta']","[0.1, 0.0, 0.5286468414994785]","[0.2593455252674069, 0.12990080020216335, 0.5412068123086794]","[0.25, 0.12, 0.5]","[0.009345525267406896, 0.009900800202163357, 0.0412068123086794]",-194.5976503282702,-0.5418681906249265
L-BFGS-B,154,"['sigma', 'lambda', 'theta']","[0.1, 0.0, 0.41853682401697334]","[0.24327933407868263, 0.12068671022939864, 0.43043203408964525]","[0.25, 0.12, 0.5]","[0.00672066592131737, 0.000686710229398646, 0.06956796591035475]",-215.44689815378493,-0.7454289337997757
L-BFGS-B,155,"['sigma', 'lambda', 'theta']","[0.1, 0.0, 0.4212536681797833]","[0.2537348352109487, 0.1516461593336774, 0.4401396489328296]","[0.25, 0.12, 0.5]","[0.003734835210948695, 0.0316461593336774, 0.059860351067170414]",-203.89460076624124,-0.6352063948347233
L-BFGS-B,156,"['sigma', 'lambda', 'theta']","[0.1, 0.0, 0.48327830151428897]","[0.2587503292877865, 0.1085154256461481, 0.48056882628006514]","[0.25, 0.12, 0.5]","[0.008750329287786518, 0.01148457435385189, 0.019431173719934858]",-199.15070126896805,-0.588123661863726
L-BFGS-B,157,"['sigma', 'lambda', 'theta']","[0.1, 0.0, 0.510995954119382]","[0.24034965250835977, 0.0851620818196732, 0.536376672984731]","[0.25, 0.12, 0.5]","[0.009650347491640232, 0.03483791818032679, 0.03637667298473102]",-223.45140376336815,-0.8183879151711722
L-BFGS-B,158,"['sigma', 'lambda', 'theta']","[0.1, 0.0, 0.49276750415200515]","[0.23867759086616774, 0.11430169829370791, 0.5060456612337693]","[0.25, 0.12, 0.5]","[0.011322409133832256, 0.005698301706292083, 0.006045661233769262]",-227.07584682084845,-0.8505681772750187
L-BFGS-B,159,"['sigma', 'lambda', 'theta']","[0.1, 0.0, 0.44462975582937486]","[0.24992430675446692, 0.14895755298092392, 0.4543871705841607]","[0.25, 0.12, 0.5]","[7.569324553308165e-05, 0.028957552980923923, 0.04561282941583927]",-213.9721630545926,-0.7316918547533486
L-BFGS-B,160,"['sigma', 'lambda', 'theta']","[0.1, 0.0, 0.4608663960115188]","[0.24107769723591607, 0.08646397357019434, 0.49159980020221566]","[0.25, 0.12, 0.5]","[0.008922302764083928, 0.03353602642980566, 0.008400199797784336]",-226.78672772895175,-0.8480201008552708
L-BFGS-B,161,"['sigma', 'lambda', 'theta']","[0.1, 0.0, 0.49737778369126845]","[0.25028624546202843, 0.11057761778997774, 0.515201576022124]","[0.25, 0.12, 0.5]","[0.0002862454620284338, 0.009422382210022257, 0.01520157602212402]",-216.2175677956503,-0.7525703181061871
L-BFGS-B,162,"['sigma', 'lambda', 'theta']","[0.1, 0.0, 0.43809806874204565]","[0.25522292051852985, 0.1430945940083274, 0.4486175972259784]","[0.25, 0.12, 0.5]","[0.00522292051852985, 0.023094594008327418, 0.05138240277402162]",-211.27964195152862,-0.7063651466481939
L-BFGS-B,163,"['sigma', 'lambda', 'theta']","[0.1, 0.0, 0.47164925670804014]","[0.2645822996883806, 0.12048080005591935, 0.48923876834219293]","[0.25, 0.12, 0.5]","[0.014582299688380596, 0.00048080005591935593, 0.010761231657807069]",-200.92305831255638,-0.6058440806193577
L-BFGS-B,164,"['sigma', 'lambda', 'theta']","[0.1, 0.0, 0.46702025435608013]","[0.23716966576470483, 0.16849302561627863, 0.47575042705414516]","[0.25, 0.12, 0.5]","[0.012830334235295171, 0.048493025616278634, 0.024249572945854836]",-237.82004153441065,-0.9430285193116674
L-BFGS-B,165,"['sigma', 'lambda', 'theta']","[0.1, 0.0, 0.549815868318426]","[0.26619144790657717, 0.15974238685788, 0.5668021970891045]","[0.25, 0.12, 0.5]","[0.016191447906577172, 0.03974238685788001, 0.06680219708910451]",-201.41478198443582,-0.6107327474804638
L-BFGS-B,166,"['sigma', 'lambda', 'theta']","[0.1, 0.0, 0.522820777686341]","[0.24171896524256548, 0.07964306629760981, 0.5304389390384417]","[0.25, 0.12, 0.5]","[0.008281034757434524, 0.040356933702390185, 0.030438939038441748]",-234.46806379225745,-0.9146387801853546
L-BFGS-B,167,"['sigma', 'lambda', 'theta']","[0.1, 0.0, 0.4800612196916552]","[0.2447762653945117, 0.11472200051095117, 0.4969186986400954]","[0.25, 0.12, 0.5]","[0.005223734605488306, 0.005277999489048821, 0.003081301359904587]",-231.71629143743561,-0.8910274832022154
L-BFGS-B,168,"['sigma', 'lambda', 'theta']","[0.1, 0.0, 0.4796849002732211]","[0.24730841134092404, 0.11346268422572547, 0.4956331613101786]","[0.25, 0.12, 0.5]","[0.0026915886590759552, 0.006537315774274521, 0.004366838689821406]",-229.67477058810738,-0.8733285346051911
L-BFGS-B,169,"['sigma', 'lambda', 'theta']","[0.1, 0.0, 0.5547682617427333]","[0.2592703463352104, 0.16444080667605007, 0.5673839544691744]","[0.25, 0.12, 0.5]","[0.0092703463352104, 0.044440806676050076, 0.06738395446917445]",-215.17908805395922,-0.7429412981908694
L-BFGS-B,170,"['sigma', 'lambda', 'theta']","[0.1, 0.0, 0.4442211121396487]","[0.25426040850863746, 0.09694218321165424, 0.45649301045579954]","[0.25, 0.12, 0.5]","[0.004260408508637459, 0.02305781678834576, 0.04350698954420046]",-223.05507919840582,-0.8148374657674768
L-BFGS-B,171,"['sigma', 'lambda', 'theta']","[0.1, 0.0, 0.4829698571245595]","[0.24095981825433754, 0.19455455408917907, 0.4895552538218747]","[0.25, 0.12, 0.5]","[0.009040181745662457, 0.07455455408917908, 0.010444746178125297]",-242.64268074685936,-0.9831798231342965
L-BFGS-B,172,"['sigma', 'lambda', 'theta']","[0.1, 0.0, 0.439667255843696]","[0.2513971865771098, 0.12301556392765586, 0.4542705598580306]","[0.25, 0.12, 0.5]","[0.001397186577109799, 0.0030155639276558677, 0.04572944014196939]",-229.56787736077374,-0.8723974953844955
L-BFGS-B,173,"['sigma', 'lambda', 'theta']","[0.1, 0.0, 0.4426700544056216]","[0.2504434165534888, 0.08689402639340452, 0.455044292477214]","[0.25, 0.12, 0.5]","[0.0004434165534887846, 0.03310597360659548, 0.04495570752278599]",-232.2179174122786,-0.8953524599834584
L-BFGS-B,174,"['sigma', 'lambda', 'theta']","[0.1, 0.0, 0.5194067867359882]","[0.24672084823529336, 0.13614463751932274, 0.5215208552945582]","[0.25, 0.12, 0.5]","[0.0032791517647066393, 0.01614463751932274, 0.02152085529455816]",-238.7495489670349,-0.9508301804314918
L-BFGS-B,175,"['sigma', 'lambda', 'theta']","[0.1, 0.0, 0.4972443994736052]","[0.25042985704112447, 0.15565160570882958, 0.5039336280029217]","[0.25, 0.12, 0.5]","[0.00042985704112447065, 0.03565160570882958, 0.003933628002921741]",-234.93704207980772,-0.9186351444151057
L-BFGS-B,176,"['sigma', 'lambda', 'theta']","[0.1, 0.0, 0.4297254407489315]","[0.2531179201789914, 0.16010704499011966, 0.4429013374315009]","[0.25, 0.12, 0.5]","[0.0031179201789913735, 0.04010704499011966, 0.0570986625684991]",-232.5504161862182,-0.8982140906637621
L-BFGS-B,177,"['sigma', 'lambda', 'theta']","[0.1, 0.0, 0.48553272414083914]","[0.2575593362383204, 0.12149646034465011, 0.4984828689470678]","[0.25, 0.12, 0.5]","[0.007559336238320391, 0.001496460344650119, 0.001517131052932219]",-227.75635039730534,-0.8565528378895522
L-BFGS-B,178,"['sigma', 'lambda', 'theta']","[0.1, 0.0, 0.505604667326791]","[0.2397886814216918, 0.13277492652782763, 0.5192902659896028]","[0.25, 0.12, 0.5]","[0.010211318578308204, 0.012774926527827635, 0.019290265989602817]",-254.35858805155638,-1.0774900707983939
L-BFGS-B,179,"['sigma', 'lambda', 'theta']","[0.1, 0.0, 0.5152306186950709]","[0.24862939939005851, 0.11359238348799999, 0.5351493819937854]","[0.25, 0.12, 0.5]","[0.0013706006099414858, 0.006407616512000003, 0.03514938199378537]",-242.90656295672906,-0.985353709628999
L-BFGS-B,180,"['sigma', 'lambda', 'theta']","[0.1, 0.0, 0.43951054881099044]","[0.2543773890098287, 0.17623621033565803, 0.4492884987053017]","[0.25, 0.12, 0.5]","[0.004377389009828703, 0.05623621033565804, 0.05071150129469831]",-236.08892627267446,-0.9284170805842269
L-BFGS-B,181,"['sigma', 'lambda', 'theta']","[0.1, 0.0, 0.485529012158893]","[0.25460550556839073, 0.17195541002594242, 0.502000205376631]","[0.25, 0.12, 0.5]","[0.004605505568390733, 0.05195541002594242, 0.002000205376631037]",-237.08523382862532,-0.9368394257783219
L-BFGS-B,182,"['sigma', 'lambda', 'theta']","[0.1, 0.0, 0.48461984057170865]","[0.2430614313077663, 0.19365785395386323, 0.491417981543411]","[0.25, 0.12, 0.5]","[0.006938568692233693, 0.07365785395386323, 0.008582018456589013]",-255.19947320682095,-1.0840909744638179
L-BFGS-B,183,"['sigma', 'lambda', 'theta']","[0.1, 0.0, 0.5369413563257941]","[0.24810982842876814, 0.12574076826215017, 0.5548850795792585]","[0.25, 0.12, 0.5]","[0.0018901715712318634, 0.00574076826215017, 0.05488507957925848]",-249.12657243723987,-1.03592218070688
L-BFGS-B,184,"['sigma', 'lambda', 'theta']","[0.1, 0.0, 0.4543204611566978]","[0.25195756482392273, 0.0988163824819059, 0.4666575091754679]","[0.25, 0.12, 0.5]","[0.0019575648239227306, 0.021183617518094097, 0.03334249082453211]",-244.8631643718305,-1.0013990835006688
L-BFGS-B,185,"['sigma', 'lambda', 'theta']","[0.1, 0.0, 0.54497595881738]","[0.24671494888116446, 0.12639057819461094, 0.5606199400858835]","[0.25, 0.12, 0.5]","[0.003285051118835536, 0.006390578194610946, 0.06061994008588345]",-253.93892382888424,-1.0741875614748633
L-BFGS-B,186,"['sigma', 'lambda', 'theta']","[0.1, 0.0, 0.43056340963452866]","[0.24837146569532542, 0.18393581688076097, 0.4419774601829861]","[0.25, 0.12, 0.5]","[0.0016285343046745782, 0.06393581688076097, 0.058022539817013885]",-252.84307411250708,-1.0655380717231395
L-BFGS-B,187,"['sigma', 'lambda', 'theta']","[0.1, 0.0, 0.5634307436977491]","[0.24835830671183204, 0.10497093607779952, 0.5811122791124145]","[0.25, 0.12, 0.5]","[0.0016416932881679613, 0.015029063922200478, 0.08111227911241448]",-254.2295300134149,-1.076475040864917
L-BFGS-B,188,"['sigma', 'lambda', 'theta']","[0.1, 0.0, 0.5089941569172909]","[0.24466849371054486, 0.11204475506619088, 0.5251138562460618]","[0.25, 0.12, 0.5]","[0.00533150628945514, 0.007955244933809114, 0.025113856246061772]",-261.1945622710278,-1.1305311578552786
L-BFGS-B,189,"['sigma', 'lambda', 'theta']","[0.1, 0.0, 0.49705576316962924]","[0.26216017133572234, 0.16631746865844046, 0.5070052476413083]","[0.25, 0.12, 0.5]","[0.012160171335722336, 0.04631746865844047, 0.0070052476413082765]",-236.62792462212843,-0.93297793837481
L-BFGS-B,190,"['sigma', 'lambda', 'theta']","[0.1, 0.0, 0.5433660828825664]","[0.249549207077904, 0.1360989258623835, 0.5542811269155367]","[0.25, 0.12, 0.5]","[0.0004507929220959883, 0.016098925862383512, 0.05428112691553666]",-256.52179024523696,-1.0944272264514687
L-BFGS-B,191,"['sigma', 'lambda', 'theta']","[0.1, 0.0, 0.45239563167753394]","[0.24120138785417722, 0.11488513826928663, 0.4626687210599906]","[0.25, 0.12, 0.5]","[0.008798612145822782, 0.005114861730713363, 0.03733127894000943]",-270.8080873842789,-1.2028208107580518
L-BFGS-B,192,"['sigma', 'lambda', 'theta']","[0.1, 0.0, 0.4535872746490543]","[0.2565846560406595, 0.10781148078903363, 0.46462531025947995]","[0.25, 0.12, 0.5]","[0.006584656040659498, 0.012188519210966364, 0.03537468974052005]",-248.61576671432553,-1.0318171981722735
L-BFGS-B,193,"['sigma', 'lambda', 'theta']","[0.1, 0.0, 0.5084422811226513]","[0.2572789904121135, 0.12708059818031006, 0.5156323120864797]","[0.25, 0.12, 0.5]","[0.007278990412113495, 0.007080598180310066, 0.01563231208647975]",-248.8797166459713,-1.0339394281441283
L-BFGS-B,194,"['sigma', 'lambda', 'theta']","[0.1, 0.0, 0.4726596081441226]","[0.24795079595718833, 0.09973781157625515, 0.4773176693744505]","[0.25, 0.12, 0.5]","[0.00204920404281167, 0.020262188423744845, 0.022682330625549474]",-264.4311692295534,-1.1551619753535487
L-BFGS-B,195,"['sigma', 'lambda', 'theta']","[0.1, 0.0, 0.4724292013619027]","[0.2516310162307488, 0.16831632044642117, 0.48186715136914504]","[0.25, 0.12, 0.5]","[0.001631016230748794, 0.048316320446421174, 0.01813284863085496]",-260.0847137302601,-1.1220147999730319
L-BFGS-B,196,"['sigma', 'lambda', 'theta']","[0.1, 0.0, 0.4360695875044825]","[0.24635554344790442, 0.12251490533018083, 0.4468652478596261]","[0.25, 0.12, 0.5]","[0.003644456552095582, 0.002514905330180839, 0.053134752140373886]",-269.688655820607,-1.1945363340920334
L-BFGS-B,197,"['sigma', 'lambda', 'theta']","[0.1, 0.0, 0.47535105680889844]","[0.2530060208745885, 0.1549207533798522, 0.4887124920647561]","[0.25, 0.12, 0.5]","[0.003006020874588511, 0.034920753379852204, 0.011287507935243912]",-260.62986756037077,-1.1262025377385871
L-BFGS-B,198,"['sigma', 'lambda', 'theta']","[0.1, 0.0, 0.5258081090550688]","[0.24460432443416033, 0.12130795698811637, 0.5405290388805444]","[0.25, 0.12, 0.5]","[0.005395675565839669, 0.0013079569881163794, 0.04052903888054438]",-275.2654104071236,-1.2354715219648806
L-BFGS-B,199,"['sigma', 'lambda', 'theta']","[0.1, 0.0, 0.45764713596135737]","[0.24245243971413968, 0.17570687972776594, 0.4608133829387196]","[0.25, 0.12, 0.5]","[0.007547560285860316, 0.055706879727765946, 0.039186617061280404]",-280.16191258571826,-1.2707353905530248
L-BFGS-B,200,"['sigma', 'lambda', 'theta']","[0.1, 0.0, 0.5404498954944928]","[0.2568202554542969, 0.18435213733864048, 0.5540664816751506]","[0.25, 0.12, 0.5]","[0.006820255454296875, 0.06435213733864048, 0.0540664816751506]",-258.6636980217797,-1.1110575094586537
L-BFGS-B,201,"['sigma', 'lambda', 'theta']","[0.1, 0.0, 0.48385204350031125]","[0.24515068516962915, 0.11779066916067912, 0.5017099412321332]","[0.25, 0.12, 0.5]","[0.004849314830370849, 0.002209330839320872, 0.0017099412321331942]",-278.5648017926068,-1.2593014275654681
L-BFGS-B,202,"['sigma', 'lambda', 'theta']","[0.1, 0.0, 0.4691486753714404]","[0.2534550730636988, 0.1886430238455312, 0.47540773528266184]","[0.25, 0.12, 0.5]","[0.003455073063698799, 0.0686430238455312, 0.024592264717338164]",-266.5656493400189,-1.1712411045127418
L-BFGS-B,203,"['sigma', 'lambda', 'theta']","[0.1, 0.0, 0.443208350892643]","[0.23111774159239748, 0.09829934895438319, 0.4638495025987585]","[0.25, 0.12, 0.5]","[0.01888225840760252, 0.021700651045616803, 0.03615049740124149]",-305.1645359422288,-1.4417021865114155
L-BFGS-B,204,"['sigma', 'lambda', 'theta']","[0.1, 0.0, 0.4587255744940536]","[0.24749058658697776, 0.13426809092616146, 0.4799986766241759]","[0.25, 0.12, 0.5]","[0.0025094134130222434, 0.014268090926161464, 0.02000132337582411]",-278.886524331085,-1.2616099525191
L-BFGS-B,205,"['sigma', 'lambda', 'theta']","[0.1, 0.0, 0.4135798942121677]","[0.2555006327886469, 0.15066813920380367, 0.42122079490051917]","[0.25, 0.12, 0.5]","[0.005500632788646875, 0.03066813920380368, 0.07877920509948083]",-267.26462063824266,-1.1764785122580275
L-BFGS-B,206,"['sigma', 'lambda', 'theta']","[0.1, 0.0, 0.4894574657231909]","[0.254963702087046, 0.15013894962174065, 0.4996350019805875]","[0.25, 0.12, 0.5]","[0.004963702087045996, 0.030138949621740657, 0.0003649980194124769]",-269.4372687477655,-1.1926711884582968
L-BFGS-B,207,"['sigma', 'lambda', 'theta']","[0.1, 0.0, 0.4266011828108087]","[0.256008655487167, 0.1799655703669463, 0.43388757679944956]","[0.25, 0.12, 0.5]","[0.006008655487167003, 0.0599655703669463, 0.06611242320055044]",-269.06648919558097,-1.189917041581447
L-BFGS-B,208,"['sigma', 'lambda', 'theta']","[0.1, 0.0, 0.4756260366501828]","[0.2417114400341686, 0.09068730517160739, 0.49539571519056397]","[0.25, 0.12, 0.5]","[0.008288559965831388, 0.029312694828392605, 0.004604284809436032]",-294.16376843915623,-1.3682732955186552
L-BFGS-B,209,"['sigma', 'lambda', 'theta']","[0.1, 0.0, 0.48173372374299217]","[0.2552452064188421, 0.07977069634612864, 0.50635003913869]","[0.25, 0.12, 0.5]","[0.005245206418842074, 0.040229303653871354, 0.0063500391386900334]",-272.92120450191675,-1.2183662506514352
L-BFGS-B,210,"['sigma', 'lambda', 'theta']","[0.1, 0.0, 0.45728633175498784]","[0.26114015206890306, 0.20698913613565698, 0.4632482702344015]","[0.25, 0.12, 0.5]","[0.011140152068903064, 0.08698913613565698, 0.036751729765598484]",-264.68929836016844,-1.1571133582003963
L-BFGS-B,211,"['sigma', 'lambda', 'theta']","[0.1, 0.0, 0.49135326469451046]","[0.24518262775916377, 0.14825661818712652, 0.5026807209234677]","[0.25, 0.12, 0.5]","[0.004817372240836226, 0.02825661818712652, 0.0026807209234677165]",-292.43837654467643,-1.356507931992688
L-BFGS-B,212,"['sigma', 'lambda', 'theta']","[0.1, 0.0, 0.5091056746511764]","[0.26395462894549426, 0.12047317996727308, 0.5215508983863885]","[0.25, 0.12, 0.5]","[0.013954628945494263, 0.0004731799672730852, 0.021550898386388462]",-262.69833085350297,-1.1420126857179724
L-BFGS-B,213,"['sigma', 'lambda', 'theta']","[0.1, 0.0, 0.4889128619306218]","[0.24313858877482028, 0.08176751032223523, 0.5022658425029248]","[0.25, 0.12, 0.5]","[0.00686141122517972, 0.03823248967776477, 0.002265842502924831]",-298.7729866555908,-1.399368086131993
L-BFGS-B,214,"['sigma', 'lambda', 'theta']","[0.1, 0.0, 0.45411856419981006]","[0.2472703750171745, 0.12069487860752051, 0.4603420606752533]","[0.25, 0.12, 0.5]","[0.0027296249828255015, 0.000694878607520516, 0.039657939324746705]",-293.003990805157,-1.3603724588394517
L-BFGS-B,215,"['sigma', 'lambda', 'theta']","[0.1, 0.0, 0.4264977792961505]","[0.24603581617709436, 0.09518145449135679, 0.4347695248881346]","[0.25, 0.12, 0.5]","[0.0039641838229056425, 0.02481854550864321, 0.06523047511186542]",-296.52184723267794,-1.3842417989519475
L-BFGS-B,216,"['sigma', 'lambda', 'theta']","[0.1, 0.0, 0.49705660378006367]","[0.2463271369641645, 0.12067711271314767, 0.5091313808569349]","[0.25, 0.12, 0.5]","[0.0036728630358354997, 0.0006771127131476734, 0.009131380856934879]",-297.3986329623251,-1.3901468747715668
L-BFGS-B,217,"['sigma', 'lambda', 'theta']","[0.1, 0.0, 0.49096519055990967]","[0.24913641718633694, 0.12227152382648201, 0.5023864087481564]","[0.25, 0.12, 0.5]","[0.0008635828136630552, 0.0022715238264820192, 0.0023864087481564322]",-293.8828868310523,-1.3663626877330461
L-BFGS-B,218,"['sigma', 'lambda', 'theta']","[0.1, 0.0, 0.4447854178020724]","[0.2430461955710309, 0.14085959003769105, 0.4508979484306094]","[0.25, 0.12, 0.5]","[0.00695380442896909, 0.020859590037691056, 0.049102051569390626]",-305.98459509453824,-1.4470695157136628
L-BFGS-B,219,"['sigma', 'lambda', 'theta']","[0.1, 0.0, 0.43990297767272957]","[0.24678239267217783, 0.1382257333850891, 0.4471673008441352]","[0.25, 0.12, 0.5]","[0.0032176073278221695, 0.018225733385089093, 0.052832699155864804]",-300.7433088640797,-1.4125142128826162
L-BFGS-B,220,"['sigma', 'lambda', 'theta']","[0.1, 0.0, 0.4846705209392633]","[0.25309377589656135, 0.16943230869594791, 0.49173292094109067]","[0.25, 0.12, 0.5]","[0.003093775896561346, 0.04943230869594792, 0.008267079058909332]",-291.06201217358796,-1.3470726894434772
L-BFGS-B,221,"['sigma', 'lambda', 'theta']","[0.1, 0.0, 0.4651768570086432]","[0.24440380494907332, 0.11390186256229597, 0.4675756179746279]","[0.25, 0.12, 0.5]","[0.005596195050926678, 0.006098137437704029, 0.03242438202537212]",-307.7638802888108,-1.4586657330587922
L-BFGS-B,222,"['sigma', 'lambda', 'theta']","[0.1, 0.0, 0.4597876776728842]","[0.24582004088727544, 0.1390406158787075, 0.4708161776673826]","[0.25, 0.12, 0.5]","[0.004179959112724563, 0.019040615878707506, 0.029183822332617404]",-306.6089812139042,-1.4511465178875849
L-BFGS-B,223,"['sigma', 'lambda', 'theta']","[0.1, 0.0, 0.471537286366384]","[0.2522180716583423, 0.10384046806912871, 0.48603428245329355]","[0.25, 0.12, 0.5]","[0.0022180716583423132, 0.016159531930871288, 0.013965717546706446]",-296.58806429375676,-1.3846883742666876
L-BFGS-B,224,"['sigma', 'lambda', 'theta']","[0.1, 0.0, 0.4932131370194996]","[0.2419407368071727, 0.16653868220050816, 0.5024309822496863]","[0.25, 0.12, 0.5]","[0.008059263192827293, 0.046538682200508164, 0.0024309822496862976]",-316.47815697835625,-1.5145084498324834
L-BFGS-B,225,"['sigma', 'lambda', 'theta']","[0.1, 0.0, 0.5073250529470267]","[0.25309996432659526, 0.14408390846989763, 0.5207066503043578]","[0.25, 0.12, 0.5]","[0.0030999643265952614, 0.024083908469897636, 0.02070665030435781]",-297.69629194489283,-1.3921476245338837
L-BFGS-B,226,"['sigma', 'lambda', 'theta']","[0.1, 0.0, 0.4809001720191317]","[0.24229099769759796, 0.07312647466002432, 0.49300997599023805]","[0.25, 0.12, 0.5]","[0.00770900230240204, 0.04687352533997567, 0.006990024009761953]",-318.665542982157,-1.528284196340909
L-BFGS-B,227,"['sigma', 'lambda', 'theta']","[0.1, 0.0, 0.513435751398235]","[0.2498134907212932, 0.10089617185518716, 0.5316056858556241]","[0.25, 0.12, 0.5]","[0.000186509278706809, 0.01910382814481283, 0.031605685855624066]",-306.2619056104686,-1.4488812731321197
L-BFGS-B,228,"['sigma', 'lambda', 'theta']","[0.1, 0.0, 0.524674590598267]","[0.24419675994952877, 0.10653850572314243, 0.5418114916572564]","[0.25, 0.12, 0.5]","[0.005803240050471226, 0.013461494276857569, 0.041811491657256394]",-317.94111920732865,-1.5237324118212339
L-BFGS-B,229,"['sigma', 'lambda', 'theta']","[0.1, 0.0, 0.48016147538508747]","[0.24741732984571416, 0.1901554177163253, 0.4867675000992669]","[0.25, 0.12, 0.5]","[0.0025826701542858432, 0.0701554177163253, 0.013232499900733108]",-313.36714988309103,-1.4947510118624798
L-BFGS-B,230,"['sigma', 'lambda', 'theta']","[0.1, 0.0, 0.5017696356694974]","[0.25305543746677955, 0.1035657772564728, 0.5152558087433765]","[0.25, 0.12, 0.5]","[0.0030554374667795536, 0.016434222743527196, 0.015255808743376509]",-304.4218930458015,-1.4368290907302779
L-BFGS-B,231,"['sigma', 'lambda', 'theta']","[0.1, 0.0, 0.4465855320142344]","[0.24069278034545274, 0.15204740201553507, 0.45815895963398134]","[0.25, 0.12, 0.5]","[0.009307219654547255, 0.032047402015535076, 0.041841040366018656]",-328.79133726410237,-1.5908466326291588
L-BFGS-B,232,"['sigma', 'lambda', 'theta']","[0.1, 0.0, 0.4874046372897019]","[0.25448183263611696, 0.1746712007116938, 0.4899070237941843]","[0.25, 0.12, 0.5]","[0.004481832636116956, 0.05467120071169382, 0.010092976205815674]",-304.48373489344965,-1.4372353398764393
L-BFGS-B,233,"['sigma', 'lambda', 'theta']","[0.1, 0.0, 0.48264987836833384]","[0.24930681492135284, 0.1548122468454574, 0.4943423567447784]","[0.25, 0.12, 0.5]","[0.0006931850786471572, 0.03481224684545742, 0.005657643255221612]",-315.3348369335941,-1.5072700973215074
L-BFGS-B,234,"['sigma', 'lambda', 'theta']","[0.1, 0.0, 0.513636569249588]","[0.25167881180614815, 0.13825819748416798, 0.519860343946101]","[0.25, 0.12, 0.5]","[0.0016788118061481505, 0.018258197484167987, 0.019860343946101033]",-312.2812738733364,-1.4878086010205003
L-BFGS-B,235,"['sigma', 'lambda', 'theta']","[0.1, 0.0, 0.5090257357727982]","[0.253003374035814, 0.15683208936794457, 0.5167989350540755]","[0.25, 0.12, 0.5]","[0.0030033740358140215, 0.036832089367944576, 0.01679893505407548]",-311.1649556966219,-1.4806463514677297
L-BFGS-B,236,"['sigma', 'lambda', 'theta']","[0.1, 0.0, 0.5029932323843113]","[0.25685265270839336, 0.12668787127165276, 0.5142675692592924]","[0.25, 0.12, 0.5]","[0.006852652708393359, 0.006687871271652768, 0.0142675692592924]",-305.39783279912916,-1.4432305929786224
L-BFGS-B,237,"['sigma', 'lambda', 'theta']","[0.1, 0.0, 0.5200590236143706]","[0.24186332886554382, 0.10768727928393207, 0.5298048006150984]","[0.25, 0.12, 0.5]","[0.00813667113445618, 0.012312720716067926, 0.02980480061509838]",-335.0786406731589,-1.628730505108173
L-BFGS-B,238,"['sigma', 'lambda', 'theta']","[0.1, 0.0, 0.5042653308141338]","[0.25391367982949137, 0.14531225102471151, 0.509563686565854]","[0.25, 0.12, 0.5]","[0.003913679829491368, 0.02531225102471152, 0.009563686565854046]",-313.45189699584165,-1.4952918193806237
L-BFGS-B,239,"['sigma', 'lambda', 'theta']","[0.1, 0.0, 0.4567419383337055]","[0.24759073247565483, 0.16594937202205853, 0.4642354770635031]","[0.25, 0.12, 0.5]","[0.002409267524345171, 0.04594937202205854, 0.0357645229364969]",-326.77786603942087,-1.5785612626291456
L-BFGS-B,240,"['sigma', 'lambda', 'theta']","[0.1, 0.0, 0.46007098897756876]","[0.25506129054543114, 0.18243127897219658, 0.4691899934420141]","[0.25, 0.12, 0.5]","[0.005061290545431141, 0.06243127897219658, 0.03081000655798588]",-313.9414931628879,-1.4984132820808007
L-BFGS-B,241,"['sigma', 'lambda', 'theta']","[0.1, 0.0, 0.5144398983889845]","[0.24613267172900544, 0.1846973469962511, 0.5196867704315377]","[0.25, 0.12, 0.5]","[0.0038673282709945633, 0.0646973469962511, 0.01968677043153766]",-332.3589328809813,-1.612431016118462
L-BFGS-B,242,"['sigma', 'lambda', 'theta']","[0.1, 0.0, 0.5274680028931242]","[0.2480589029727182, 0.11448853223963505, 0.5370517288451209]","[0.25, 0.12, 0.5]","[0.0019410970272817907, 0.005511467760364944, 0.03705172884512087]",-329.9863352109457,-1.5981024903029848
L-BFGS-B,243,"['sigma', 'lambda', 'theta']","[0.1, 0.0, 0.5673139635092187]","[0.25016329667401876, 0.13946050038712818, 0.5736982976881776]","[0.25, 0.12, 0.5]","[0.0001632966740187647, 0.019460500387128182, 0.0736982976881776]",-327.26691638782586,-1.581552192013115
L-BFGS-B,244,"['sigma', 'lambda', 'theta']","[0.1, 0.0, 0.5420218483681118]","[0.24361381674627253, 0.10309676008212598, 0.5623180351563057]","[0.25, 0.12, 0.5]","[0.006386183253727473, 0.016903239917874013, 0.06231803515630574]",-341.5126364686986,-1.6667693623257112
L-BFGS-B,245,"['sigma', 'lambda', 'theta']","[0.1, 0.0, 0.46827716916415785]","[0.2463609787762015, 0.11198307584029103, 0.47918779038048226]","[0.25, 0.12, 0.5]","[0.0036390212237985, 0.008016924159708963, 0.02081220961951774]",-337.44580803457984,-1.6428098572672134
L-BFGS-B,246,"['sigma', 'lambda', 'theta']","[0.1, 0.0, 0.47671134503106216]","[0.24352832386305584, 0.14026912390311186, 0.47999832717613683]","[0.25, 0.12, 0.5]","[0.00647167613694416, 0.020269123903111863, 0.02000167282386317]",-344.49542559248704,-1.6841616239385804
L-BFGS-B,247,"['sigma', 'lambda', 'theta']","[0.1, 0.0, 0.5047159833234078]","[0.2572325296125247, 0.15042597368697994, 0.5093194506963336]","[0.25, 0.12, 0.5]","[0.007232529612524685, 0.03042597368697994, 0.009319450696333553]",-318.96595858036164,-1.5301687683527785
L-BFGS-B,248,"['sigma', 'lambda', 'theta']","[0.1, 0.0, 0.48110555516929177]","[0.24871093962073826, 0.09836889471506283, 0.4963313633842936]","[0.25, 0.12, 0.5]","[0.0012890603792617417, 0.02163110528493717, 0.0036686366157063777]",-336.9049575116265,-1.6396017307754551
L-BFGS-B,249,"['sigma', 'lambda', 'theta']","[0.1, 0.0, 0.476238440249284]","[0.23866295356987477, 0.13568375800338872, 0.49070503833329104]","[0.25, 0.12, 0.5]","[0.01133704643012523, 0.015683758003388726, 0.009294961666708956]",-358.72346427730207,-1.7651035943336826
L-BFGS-B,250,"['sigma', 'lambda', 'theta']","[0.1, 0.0, 0.48342187842796724]","[0.26018973358762754, 0.14804068661264744, 0.49331835025790116]","[0.25, 0.12, 0.5]","[0.010189733587627536, 0.028040686612647442, 0.0066816497420988386]",-317.16328378669147,-1.5188334641465975
L-BFGS-B,251,"['sigma', 'lambda', 'theta']","[0.1, 0.0, 0.4925952917460877]","[0.2479702119095259, 0.12399636884538325, 0.5070930411619222]","[0.25, 0.12, 0.5]","[0.002029788090474105, 0.00399636884538325, 0.00709304116192222]",-342.48827615850394,-1.6724748538445287
L-BFGS-B,252,"['sigma', 'lambda', 'theta']","[0.1, 0.0, 0.4760725365170502]","[0.24779649603517703, 0.15049802922896374, 0.4885984802748554]","[0.25, 0.12, 0.5]","[0.002203503964822967, 0.030498029228963747, 0.011401519725144582]",-344.21002840822257,-1.6825040375266074
L-BFGS-B,253,"['sigma', 'lambda', 'theta']","[0.1, 0.0, 0.5121043512040253]","[0.2530255862395298, 0.1209441392681172, 0.5179920749109554]","[0.25, 0.12, 0.5]","[0.0030255862395298094, 0.0009441392681172056, 0.017992074910955447]",-335.05646957034014,-1.6285981670020941
L-BFGS-B,254,"['sigma', 'lambda', 'theta']","[0.1, 0.0, 0.49501753729824893]","[0.23851499895121334, 0.12079129023058059, 0.5074135688837046]","[0.25, 0.12, 0.5]","[0.011485001048786664, 0.0007912902305805963, 0.007413568883704591]",-366.2695494340246,-1.806739072402051
L-BFGS-B,255,"['sigma', 'lambda', 'theta']","[0.1, 0.0, 0.4980485646453504]","[0.25510091396829965, 0.08649650127115749, 0.5100199018480122]","[0.25, 0.12, 0.5]","[0.005100913968299647, 0.03350349872884251, 0.010019901848012158]",-333.5660578967703,-1.619681840788937
L-BFGS-B,256,"['sigma', 'lambda', 'theta']","[0.1, 0.0, 0.4679455632727466]","[0.24995554028432085, 0.1433553653284528, 0.4744019751463215]","[0.25, 0.12, 0.5]","[4.4459715679151524e-05, 0.02335536532845281, 0.025598024853678514]",-345.27104946430137,-1.6886595183812503
L-BFGS-B,257,"['sigma', 'lambda', 'theta']","[0.1, 0.0, 0.5042930842920416]","[0.24449635198605774, 0.17570253705910321, 0.5145278797337853]","[0.25, 0.12, 0.5]","[0.005503648013942264, 0.05570253705910322, 0.014527879733785332]",-357.9313983289204,-1.7606826865175496
L-BFGS-B,258,"['sigma', 'lambda', 'theta']","[0.1, 0.0, 0.46848120386068925]","[0.2592813964591903, 0.1707172581048742, 0.47561668242954686]","[0.25, 0.12, 0.5]","[0.009281396459190294, 0.05071725810487421, 0.024383317570453145]",-329.1508410556239,-1.5930322582913856
L-BFGS-B,259,"['sigma', 'lambda', 'theta']","[0.1, 0.0, 0.4650135397089817]","[0.24829329880333106, 0.10757261287322122, 0.4817944803200753]","[0.25, 0.12, 0.5]","[0.001706701196668936, 0.01242738712677878, 0.018205519679924675]",-352.7760215121912,-1.731666711175082
L-BFGS-B,260,"['sigma', 'lambda', 'theta']","[0.1, 0.0, 0.4875343255902066]","[0.24315180202388276, 0.15466665001862231, 0.4952619110829393]","[0.25, 0.12, 0.5]","[0.006848197976117243, 0.03466665001862232, 0.004738088917060679]",-364.982380388334,-1.7996981590172858
L-BFGS-B,261,"['sigma', 'lambda', 'theta']","[0.1, 0.0, 0.5157720597140835]","[0.24247721310685555, 0.10348811778454571, 0.5237438794044476]","[0.25, 0.12, 0.5]","[0.007522786893144451, 0.016511882215454285, 0.023743879404447554]",-367.83627876083654,-1.8152758890045888
L-BFGS-B,262,"['sigma', 'lambda', 'theta']","[0.1, 0.0, 0.4661602448275656]","[0.2466061659286765, 0.12485841868393716, 0.4799653329363802]","[0.25, 0.12, 0.5]","[0.003393834071323487, 0.00485841868393716, 0.020034667063619782]",-360.4371293135438,-1.7746350858806714
L-BFGS-B,263,"['sigma', 'lambda', 'theta']","[0.1, 0.0, 0.5319582814550713]","[0.24707684906327199, 0.20497190735701, 0.5340294751249003]","[0.25, 0.12, 0.5]","[0.002923150936728014, 0.08497190735701002, 0.03402947512490029]",-360.8189543053696,-1.776752641828784
L-BFGS-B,264,"['sigma', 'lambda', 'theta']","[0.1, 0.0, 0.4701106032304727]","[0.2635326835874535, 0.15763939091548365, 0.4705888900320714]","[0.25, 0.12, 0.5]","[0.01353268358745352, 0.037639390915483656, 0.029411109967928617]",-328.28065232767244,-1.5877377797342085
L-BFGS-B,265,"['sigma', 'lambda', 'theta']","[0.1, 0.0, 0.5041166305262305]","[0.25554455032940204, 0.1861719219045431, 0.5099626442389248]","[0.25, 0.12, 0.5]","[0.005544550329402043, 0.0661719219045431, 0.00996264423892479]",-345.7811120073039,-1.6916119012204351
L-BFGS-B,266,"['sigma', 'lambda', 'theta']","[0.1, 0.0, 0.479831926450263]","[0.24960307108740878, 0.14822658085454088, 0.4884909131806708]","[0.25, 0.12, 0.5]","[0.00039692891259121565, 0.028226580854540884, 0.011509086819329217]",-359.5590445916488,-1.7697568090838836
L-BFGS-B,267,"['sigma', 'lambda', 'theta']","[0.1, 0.0, 0.4931832070719256]","[0.25090464975927573, 0.15751494237718228, 0.49763127852666905]","[0.25, 0.12, 0.5]","[0.000904649759275733, 0.03751494237718228, 0.002368721473330948]",-358.14891399841184,-1.7618977216047416
L-BFGS-B,268,"['sigma', 'lambda', 'theta']","[0.1, 0.0, 0.4676409078464847]","[0.24738292745636384, 0.17191697568620523, 0.4731715667809999]","[0.25, 0.12, 0.5]","[0.002617072543636162, 0.051916975686205236, 0.02682843321900008]",-367.0436659188798,-1.810961643364644
L-BFGS-B,269,"['sigma', 'lambda', 'theta']","[0.1, 0.0, 0.46046513986708293]","[0.24226435284268444, 0.11071578467869417, 0.4712920085865657]","[0.25, 0.12, 0.5]","[0.007735647157315562, 0.009284215321305828, 0.028707991413434275]",-379.6250446941217,-1.8783680821963973
L-BFGS-B,270,"['sigma', 'lambda', 'theta']","[0.1, 0.0, 0.47671952050164923]","[0.2518511144296224, 0.16332390784597833, 0.4818522092141135]","[0.25, 0.12, 0.5]","[0.0018511144296223803, 0.04332390784597834, 0.01814779078588652]",-360.16255052291547,-1.773110917543658
L-BFGS-B,271,"['sigma', 'lambda', 'theta']","[0.1, 0.0, 0.4732171529251731]","[0.25346393227863234, 0.15198791480205942, 0.47887453246364053]","[0.25, 0.12, 0.5]","[0.0034639322786323423, 0.031987914802059425, 0.021125467536359466]",-358.0543948580171,-1.7613698316060518
L-BFGS-B,272,"['sigma', 'lambda', 'theta']","[0.1, 0.0, 0.47189034509354366]","[0.2470311683307823, 0.1648528734916329, 0.48072309872821783]","[0.25, 0.12, 0.5]","[0.0029688316692176864, 0.044852873491632916, 0.019276901271782165]",-373.31369229584453,-1.844838128630471
L-BFGS-B,273,"['sigma', 'lambda', 'theta']","[0.1, 0.0, 0.49540763133814736]","[0.24836038557404355, 0.0822939601520718, 0.5070873528346239]","[0.25, 0.12, 0.5]","[0.0016396144259564482, 0.0377060398479282, 0.007087352834623917]",-371.77195170870755,-1.8365612665009063
L-BFGS-B,274,"['sigma', 'lambda', 'theta']","[0.1, 0.0, 0.49210000426723394]","[0.256593335211535, 0.2201014635655679, 0.49617241649357324]","[0.25, 0.12, 0.5]","[0.00659333521153499, 0.1001014635655679, 0.003827583506426757]",-355.33282778849514,-1.7461097866452029
L-BFGS-B,275,"['sigma', 'lambda', 'theta']","[0.1, 0.0, 0.48297445004488426]","[0.24972118681784705, 0.13412045892714064, 0.4862374283572619]","[0.25, 0.12, 0.5]","[0.00027881318215294826, 0.014120458927140644, 0.013762571642738086]",-371.5112221128509,-1.8351581425463568
L-BFGS-B,276,"['sigma', 'lambda', 'theta']","[0.1, 0.0, 0.46525115414402324]","[0.257931483176839, 0.13711145788256707, 0.4723722707142359]","[0.25, 0.12, 0.5]","[0.007931483176839005, 0.01711145788256707, 0.027627729285764124]",-355.075195787722,-1.7446591723305147
L-BFGS-B,277,"['sigma', 'lambda', 'theta']","[0.1, 0.0, 0.4738918373205267]","[0.25265045209731885, 0.1848627914548672, 0.4831564686796689]","[0.25, 0.12, 0.5]","[0.002650452097318845, 0.0648627914548672, 0.016843531320331118]",-367.78563609275,-1.8150005156523594
L-BFGS-B,278,"['sigma', 'lambda', 'theta']","[0.1, 0.0, 0.48428291888931596]","[0.24623603177781425, 0.13965256810404483, 0.4939725040180685]","[0.25, 0.12, 0.5]","[0.0037639682221857484, 0.019652568104044837, 0.006027495981931474]",-383.36500853346234,-1.89797512046459
L-BFGS-B,279,"['sigma', 'lambda', 'theta']","[0.1, 0.0, 0.4123397428621485]","[0.2496041629443908, 0.14225656344062512, 0.42021846650103034]","[0.25, 0.12, 0.5]","[0.0003958370556091939, 0.022256563440625127, 0.07978153349896966]",-377.1953397579406,-1.8655263917049894
L-BFGS-B,280,"['sigma', 'lambda', 'theta']","[0.1, 0.0, 0.5238105055107566]","[0.2523477496372265, 0.1277956856365303, 0.5341659356512739]","[0.25, 0.12, 0.5]","[0.002347749637226504, 0.007795685636530297, 0.034165935651273904]",-372.4522325930171,-1.8402175898944595
L-BFGS-B,281,"['sigma', 'lambda', 'theta']","[0.1, 0.0, 0.42919677292413216]","[0.23153664144684874, 0.11507681498811481, 0.4409561573604334]","[0.25, 0.12, 0.5]","[0.01846335855315126, 0.004923185011885184, 0.05904384263956658]",-421.98626171626523,-2.0899455166627074
L-BFGS-B,282,"['sigma', 'lambda', 'theta']","[0.1, 0.0, 0.49026417087362234]","[0.2506415252532409, 0.1988700318956326, 0.4972638116926452]","[0.25, 0.12, 0.5]","[0.0006415252532409044, 0.0788700318956326, 0.002736188307354781]",-378.93490704392514,-1.8747288822147343
L-BFGS-B,283,"['sigma', 'lambda', 'theta']","[0.1, 0.0, 0.4665809673244918]","[0.252013921247195, 0.13579246139297554, 0.47731822313095545]","[0.25, 0.12, 0.5]","[0.0020139212471950163, 0.01579246139297555, 0.022681776869044545]",-377.2037002337188,-1.8655707209012657
L-BFGS-B,284,"['sigma', 'lambda', 'theta']","[0.1, 0.0, 0.48408511920191927]","[0.23950347142707393, 0.14119824439201212, 0.485401391488532]","[0.25, 0.12, 0.5]","[0.010496528572926073, 0.021198244392012122, 0.014598608511467992]",-407.35994364488477,-2.0193943540534836
L-BFGS-B,285,"['sigma', 'lambda', 'theta']","[0.1, 0.0, 0.5594894400445056]","[0.25429664689745296, 0.10188224582869584, 0.5765713775416157]","[0.25, 0.12, 0.5]","[0.00429664689745296, 0.01811775417130415, 0.07657137754161569]",-374.7571801966787,-1.8525565935272201
L-BFGS-B,286,"['sigma', 'lambda', 'theta']","[0.1, 0.0, 0.5492757106554035]","[0.25621880607310565, 0.09524942657351429, 0.558272102679013]","[0.25, 0.12, 0.5]","[0.006218806073105654, 0.024750573426485706, 0.05827210267901295]",-371.78445284006654,-1.8366285169813477
L-BFGS-B,287,"['sigma', 'lambda', 'theta']","[0.1, 0.0, 0.4767541570553371]","[0.2498503644448251, 0.17598062604980286, 0.48054158254999135]","[0.25, 0.12, 0.5]","[0.00014963555517488736, 0.05598062604980286, 0.019458417450008647]",-387.48594492607293,-1.9193591539541313
L-BFGS-B,288,"['sigma', 'lambda', 'theta']","[0.1, 0.0, 0.48086650679348314]","[0.24794759181559728, 0.13982441531817058, 0.490494132119256]","[0.25, 0.12, 0.5]","[0.002052408184402721, 0.019824415318170585, 0.009505867880743979]",-393.22890915963984,-1.948783816713627
L-BFGS-B,289,"['sigma', 'lambda', 'theta']","[0.1, 0.0, 0.443589244170075]","[0.25443783423385746, 0.09171340463971257, 0.4576126883879055]","[0.25, 0.12, 0.5]","[0.004437834233857463, 0.028286595360287423, 0.042387311612094525]",-379.71572378134385,-1.8788457548904915
L-BFGS-B,290,"['sigma', 'lambda', 'theta']","[0.1, 0.0, 0.4238072652830397]","[0.24980099410102338, 0.10170489484525093, 0.4296235640847414]","[0.25, 0.12, 0.5]","[0.00019900589897661747, 0.018295105154749067, 0.0703764359152586]",-391.66471077813515,-1.9408122882794565
L-BFGS-B,291,"['sigma', 'lambda', 'theta']","[0.1, 0.0, 0.49597814325076617]","[0.2509513817072528, 0.14826314719186057, 0.5005770451742678]","[0.25, 0.12, 0.5]","[0.0009513817072527853, 0.02826314719186057, 0.0005770451742678206]",-390.3550649944059,-1.9341134960051285
L-BFGS-B,292,"['sigma', 'lambda', 'theta']","[0.1, 0.0, 0.4437703653169257]","[0.23560274255055663, 0.1272001476117682, 0.4512277484711925]","[0.25, 0.12, 0.5]","[0.014397257449443368, 0.0072001476117682095, 0.048772251528807486]",-428.43231807386127,-2.1202655494856604
L-BFGS-B,293,"['sigma', 'lambda', 'theta']","[0.1, 0.0, 0.42554019734270637]","[0.24681101943340608, 0.1572437502952488, 0.4263390373731236]","[0.25, 0.12, 0.5]","[0.0031889805665939186, 0.03724375029524882, 0.07366096262687638]",-402.7627378958567,-1.9966952977177836
L-BFGS-B,294,"['sigma', 'lambda', 'theta']","[0.1, 0.0, 0.5268417771488018]","[0.2599512689329416, 0.1306461393105006, 0.5331435086819306]","[0.25, 0.12, 0.5]","[0.009951268932941626, 0.010646139310500596, 0.03314350868193061]",-373.7455776174556,-1.847150584346469
L-BFGS-B,295,"['sigma', 'lambda', 'theta']","[0.1, 0.0, 0.43243554595186734]","[0.24808556454419115, 0.12216977220655542, 0.4418064319088799]","[0.25, 0.12, 0.5]","[0.001914435455808855, 0.002169772206555426, 0.058193568091120085]",-402.49276644800193,-1.9953542502787371
L-BFGS-B,296,"['sigma', 'lambda', 'theta']","[0.1, 0.0, 0.5093420603086448]","[0.2386806674758808, 0.138699877054503, 0.5152813312202239]","[0.25, 0.12, 0.5]","[0.011319332524119208, 0.018699877054503017, 0.015281331220223904]",-426.6635589348384,-2.1119915689451076
L-BFGS-B,297,"['sigma', 'lambda', 'theta']","[0.1, 0.0, 0.48815794140713303]","[0.2547616789446238, 0.13506498519429816, 0.4957677459220567]","[0.25, 0.12, 0.5]","[0.004761678944623815, 0.015064985194298164, 0.004232254077943309]",-389.5103619336698,-1.9297809362485232
L-BFGS-B,298,"['sigma', 'lambda', 'theta']","[0.1, 0.0, 0.5268043087341084]","[0.2593812341146406, 0.1285935644450046, 0.5310447295903528]","[0.25, 0.12, 0.5]","[0.009381234114640591, 0.008593564445004614, 0.03104472959035276]",-380.15187121440147,-1.8811416679354807
L-BFGS-B,299,"['sigma', 'lambda', 'theta']","[0.1, 0.0, 0.49324928968335985]","[0.2470198673792649, 0.1516189990554528, 0.5012788250931186]","[0.25, 0.12, 0.5]","[0.0029801326207350987, 0.03161899905545282, 0.0012788250931186074]",-410.5344976532101,-2.0349199269870706
L-BFGS-B,300,"['sigma', 'lambda', 'theta']","[0.1, 0.0, 0.46259849118768887]","[0.25217594988696923, 0.14451008025993514, 0.46618079628012654]","[0.25, 0.12, 0.5]","[0.0021759498869692306, 0.024510080259935146, 0.03381920371987346]",-399.5585653863745,-1.9807207023478153
